age,job,marital,education,default,housing,loan,contact,month,day_of_week,duration,campaign,previous,poutcome,emp.var.rate,cons.price.idx,cons.conf.idx,euribor3m,nr.employed,previously_contacted,y
31,admin.,single,basic.9y,no,no,no,cellular,jul,fri,978,1,0,nonexistent,1.4,93.918,-42.7,4.957,5228.1,0,1
35,management,married,university.degree,no,no,no,cellular,may,thu,597,3,0,nonexistent,-1.8,92.893,-46.2,1.327,5099.1,0,1
54,admin.,married,high.school,no,yes,no,cellular,apr,mon,158,2,0,nonexistent,-1.8,93.749,-34.6,0.642,5008.7,0,1
65,management,married,unknown,no,yes,no,telephone,dec,wed,207,3,1,failure,-3.0,92.713,-33.0,0.715,5023.5,0,1
25,admin.,married,university.degree,no,no,no,telephone,jun,mon,121,4,0,nonexistent,1.4,94.465,-41.8,4.865,5228.1,0,0
31,blue-collar,married,unknown,unknown,no,no,cellular,jul,tue,1608,13,0,nonexistent,1.4,93.918,-42.7,4.961,5228.1,0,1
64,admin.,married,high.school,no,yes,no,cellular,oct,fri,130,1,1,failure,-3.4,92.431,-26.9,0.73,5017.5,0,1
30,admin.,single,university.degree,no,yes,no,cellular,jul,thu,873,8,0,nonexistent,1.4,93.918,-42.7,4.962,5228.1,0,1
42,services,married,high.school,no,no,no,telephone,may,fri,984,2,0,nonexistent,1.1,93.994,-36.4,4.864,5191.0,0,1
34,unemployed,married,basic.4y,unknown,yes,no,cellular,nov,wed,98,1,1,failure,-0.1,93.2,-42.0,4.12,5195.8,0,0
31,blue-collar,married,professional.course,no,yes,no,cellular,jul,wed,458,2,0,nonexistent,1.4,93.918,-42.7,4.963,5228.1,0,1
52,technician,married,high.school,no,yes,no,telephone,may,wed,530,2,0,nonexistent,1.1,93.994,-36.4,4.856,5191.0,0,0
36,unemployed,married,unknown,unknown,no,no,cellular,sep,wed,344,1,1,failure,-3.4,92.379,-29.8,0.781,5017.5,0,1
30,management,married,university.degree,no,no,no,cellular,oct,wed,711,1,0,nonexistent,-1.1,94.601,-49.5,1.043,4963.6,0,1
36,technician,married,professional.course,no,no,no,telephone,may,wed,1423,3,0,nonexistent,1.1,93.994,-36.4,4.859,5191.0,0,1
31,admin.,divorced,university.degree,no,yes,no,cellular,may,mon,226,1,0,nonexistent,-1.8,92.893,-46.2,1.354,5099.1,0,1
39,management,married,professional.course,no,yes,no,cellular,may,thu,156,1,1,success,-1.8,92.893,-46.2,1.327,5099.1,1,0
34,admin.,married,university.degree,no,no,yes,cellular,dec,tue,196,2,2,success,-3.0,92.713,-33.0,0.707,5023.5,1,1
41,admin.,married,university.degree,no,no,no,cellular,sep,mon,800,2,1,failure,-3.4,92.379,-29.8,0.797,5017.5,0,1
26,blue-collar,married,basic.4y,no,no,no,telephone,jun,wed,94,1,0,nonexistent,1.4,94.465,-41.8,4.962,5228.1,0,0
48,technician,married,professional.course,no,yes,yes,cellular,oct,mon,450,1,1,success,-1.1,94.601,-49.5,0.977,4963.6,1,1
35,blue-collar,married,unknown,no,no,no,cellular,apr,fri,172,1,0,nonexistent,-1.8,93.075,-47.1,1.405,5099.1,0,0
44,services,married,high.school,no,no,no,telephone,may,thu,126,2,0,nonexistent,1.1,93.994,-36.4,4.86,5191.0,0,0
38,admin.,married,university.degree,no,no,no,cellular,aug,thu,395,1,0,nonexistent,1.4,93.444,-36.1,4.968,5228.1,0,1
36,technician,married,professional.course,no,no,no,cellular,nov,thu,70,1,1,failure,-0.1,93.2,-42.0,4.076,5195.8,0,0
30,unemployed,married,high.school,no,yes,yes,telephone,may,mon,104,4,0,nonexistent,-1.8,92.893,-46.2,1.354,5099.1,0,0
43,blue-collar,married,basic.4y,no,yes,no,cellular,may,thu,135,3,1,failure,-1.8,92.893,-46.2,1.266,5099.1,0,0
29,admin.,single,university.degree,no,yes,yes,cellular,aug,thu,254,3,1,success,-2.9,92.201,-31.4,0.873,5076.2,1,1
32,self-employed,single,university.degree,no,no,no,cellular,apr,thu,394,1,0,nonexistent,-1.8,93.075,-47.1,1.435,5099.1,0,1
30,self-employed,single,university.degree,no,no,no,cellular,apr,thu,435,1,0,nonexistent,-1.8,93.075,-47.1,1.435,5099.1,0,1
58,blue-collar,married,basic.6y,unknown,yes,no,cellular,jul,thu,306,7,0,nonexistent,1.4,93.918,-42.7,4.968,5228.1,0,0
32,housemaid,married,basic.4y,no,yes,no,cellular,aug,mon,87,4,0,nonexistent,1.4,93.444,-36.1,4.965,5228.1,0,0
24,unemployed,married,high.school,no,yes,no,cellular,nov,mon,98,1,1,failure,-3.4,92.649,-30.1,0.715,5017.5,0,1
52,admin.,divorced,university.degree,unknown,no,no,cellular,aug,wed,191,2,0,nonexistent,1.4,93.444,-36.1,4.964,5228.1,0,0
54,admin.,married,high.school,no,unknown,unknown,telephone,may,wed,45,1,0,nonexistent,1.1,93.994,-36.4,4.857,5191.0,0,0
50,admin.,married,high.school,unknown,yes,no,cellular,jul,mon,339,2,0,nonexistent,1.4,93.918,-42.7,4.96,5228.1,0,0
29,admin.,single,high.school,no,yes,yes,cellular,jun,mon,89,2,0,nonexistent,-2.9,92.963,-40.8,1.26,5076.2,0,1
30,blue-collar,single,basic.9y,no,yes,no,telephone,jun,mon,662,2,0,nonexistent,1.4,94.465,-41.8,4.958,5228.1,0,1
25,admin.,single,high.school,no,yes,no,cellular,may,thu,888,3,0,nonexistent,-1.8,92.893,-46.2,1.266,5099.1,0,1
32,technician,married,university.degree,no,yes,no,telephone,jun,fri,562,2,0,nonexistent,1.4,94.465,-41.8,4.967,5228.1,0,0
33,services,married,high.school,no,no,yes,telephone,may,wed,425,1,0,nonexistent,1.1,93.994,-36.4,4.858,5191.0,0,0
30,admin.,divorced,high.school,no,yes,no,telephone,jun,mon,225,2,0,nonexistent,1.4,94.465,-41.8,4.961,5228.1,0,0
53,admin.,married,basic.9y,no,no,no,telephone,may,mon,189,3,0,nonexistent,1.1,93.994,-36.4,4.857,5191.0,0,0
40,technician,married,professional.course,no,yes,no,cellular,may,wed,248,1,4,success,-1.8,93.876,-40.0,0.682,5008.7,1,1
27,technician,single,university.degree,no,yes,no,cellular,aug,thu,250,3,5,failure,-1.7,94.027,-38.3,0.904,4991.6,0,0
43,admin.,divorced,high.school,no,no,no,telephone,may,mon,311,2,0,nonexistent,1.1,93.994,-36.4,4.858,5191.0,0,0
74,retired,married,basic.4y,no,yes,no,cellular,jun,mon,257,1,0,nonexistent,-2.9,92.963,-40.8,1.26,5076.2,0,1
56,technician,married,unknown,no,no,yes,telephone,jun,fri,988,4,0,nonexistent,1.4,94.465,-41.8,4.959,5228.1,0,1
47,admin.,married,basic.6y,no,unknown,unknown,cellular,jul,tue,317,1,0,nonexistent,1.4,93.918,-42.7,4.961,5228.1,0,0
36,management,married,university.degree,no,no,no,cellular,mar,thu,709,2,0,nonexistent,-1.8,92.843,-50.0,1.538,5099.1,0,1
42,services,married,professional.course,no,yes,no,telephone,may,tue,1205,1,0,nonexistent,1.1,93.994,-36.4,4.857,5191.0,0,1
57,housemaid,married,basic.4y,no,no,no,cellular,apr,wed,224,2,1,success,-1.8,93.749,-34.6,0.642,5008.7,1,1
35,management,divorced,university.degree,no,no,no,cellular,jul,mon,13,20,0,nonexistent,1.4,93.918,-42.7,4.96,5228.1,0,0
26,admin.,married,high.school,no,yes,no,cellular,nov,fri,338,1,1,success,-3.4,92.649,-30.1,0.714,5017.5,1,1
52,self-employed,married,basic.4y,unknown,no,no,telephone,jun,thu,60,1,0,nonexistent,1.4,94.465,-41.8,4.866,5228.1,0,0
49,blue-collar,married,high.school,unknown,yes,no,cellular,nov,mon,80,1,0,nonexistent,-0.1,93.2,-42.0,4.191,5195.8,0,0
37,admin.,divorced,high.school,no,yes,no,cellular,apr,fri,1311,2,0,nonexistent,-1.8,93.075,-47.1,1.405,5099.1,0,1
47,blue-collar,married,basic.4y,no,no,no,cellular,aug,mon,134,5,0,nonexistent,1.4,93.444,-36.1,4.965,5228.1,0,0
43,unemployed,married,basic.9y,no,no,no,telephone,jun,tue,633,28,0,nonexistent,1.4,94.465,-41.8,4.864,5228.1,0,0
38,self-employed,married,professional.course,no,yes,no,cellular,apr,thu,779,2,0,nonexistent,-1.8,93.075,-47.1,1.365,5099.1,0,1
50,blue-collar,married,basic.4y,unknown,yes,no,telephone,jun,thu,56,2,0,nonexistent,1.4,94.465,-41.8,4.961,5228.1,0,0
21,student,single,high.school,no,no,no,cellular,nov,tue,280,1,2,failure,-3.4,92.649,-30.1,0.715,5017.5,1,0
36,management,married,basic.6y,no,yes,yes,cellular,aug,thu,354,3,0,nonexistent,-2.9,92.201,-31.4,0.873,5076.2,0,1
27,technician,single,unknown,no,no,no,cellular,may,fri,7,4,0,nonexistent,-1.8,92.893,-46.2,1.25,5099.1,0,0
66,retired,married,basic.4y,no,yes,no,cellular,mar,tue,229,1,1,success,-1.8,93.369,-34.8,0.655,5008.7,1,1
48,admin.,married,high.school,no,no,no,cellular,aug,thu,663,2,0,nonexistent,1.4,93.444,-36.1,4.968,5228.1,0,1
29,technician,single,professional.course,no,yes,no,cellular,may,mon,487,1,0,nonexistent,-1.8,92.893,-46.2,1.244,5099.1,0,1
55,unemployed,married,basic.9y,no,no,no,cellular,oct,tue,131,1,0,nonexistent,-3.4,92.431,-26.9,0.728,5017.5,0,1
41,admin.,single,university.degree,unknown,yes,no,telephone,may,thu,137,1,0,nonexistent,1.1,93.994,-36.4,4.86,5191.0,0,0
60,admin.,married,university.degree,no,yes,no,cellular,may,mon,226,2,1,success,-1.8,92.893,-46.2,1.354,5099.1,1,1
32,admin.,single,university.degree,no,no,no,telephone,may,wed,180,1,0,nonexistent,1.1,93.994,-36.4,4.859,5191.0,0,0
50,blue-collar,married,basic.4y,no,no,no,cellular,aug,wed,153,2,0,nonexistent,1.4,93.444,-36.1,4.964,5228.1,0,0
33,management,married,university.degree,no,yes,no,telephone,mar,thu,181,1,0,nonexistent,-1.8,92.843,-50.0,1.757,5099.1,0,1
50,admin.,married,university.degree,no,yes,no,cellular,jul,thu,567,5,0,nonexistent,-2.9,92.469,-33.6,1.072,5076.2,0,1
35,self-employed,single,university.degree,no,no,no,cellular,jul,wed,157,1,0,nonexistent,1.4,93.918,-42.7,4.962,5228.1,0,0
35,blue-collar,divorced,basic.4y,unknown,no,no,telephone,may,wed,44,1,0,nonexistent,1.1,93.994,-36.4,4.857,5191.0,0,0
45,admin.,married,university.degree,no,no,no,cellular,aug,thu,323,1,0,nonexistent,-1.7,94.027,-38.3,0.904,4991.6,0,1
38,blue-collar,married,basic.9y,no,yes,no,telephone,may,tue,276,2,0,nonexistent,1.1,93.994,-36.4,4.857,5191.0,0,0
53,blue-collar,married,basic.4y,unknown,no,no,cellular,aug,fri,523,1,0,nonexistent,1.4,93.444,-36.1,4.966,5228.1,0,1
47,admin.,married,basic.9y,no,yes,yes,cellular,apr,fri,795,3,1,failure,-1.8,93.075,-47.1,1.405,5099.1,0,0
31,blue-collar,married,basic.6y,no,yes,no,cellular,may,wed,1279,3,0,nonexistent,-1.8,92.893,-46.2,1.281,5099.1,0,1
31,entrepreneur,single,university.degree,no,yes,yes,cellular,may,thu,204,1,0,nonexistent,-1.8,92.893,-46.2,1.266,5099.1,0,0
33,admin.,married,university.degree,no,no,yes,telephone,mar,thu,78,2,1,failure,-1.8,93.369,-34.8,0.65,5008.7,0,0
31,admin.,divorced,high.school,no,yes,yes,telephone,jun,tue,287,4,0,nonexistent,1.4,94.465,-41.8,4.961,5228.1,0,0
33,unemployed,single,university.degree,no,yes,no,telephone,aug,fri,145,1,0,nonexistent,1.4,93.444,-36.1,4.963,5228.1,0,0
75,retired,married,basic.4y,no,no,no,cellular,apr,tue,109,1,1,failure,-1.8,93.075,-47.1,1.405,5099.1,0,1
21,student,single,high.school,no,no,no,cellular,mar,tue,220,1,0,nonexistent,-1.8,92.843,-50.0,1.614,5099.1,0,1
59,retired,divorced,basic.9y,unknown,yes,no,telephone,jul,fri,362,8,0,nonexistent,1.4,93.918,-42.7,4.962,5228.1,0,1
48,technician,married,professional.course,no,yes,no,telephone,jul,tue,616,11,0,nonexistent,1.4,93.918,-42.7,4.961,5228.1,0,1
39,self-employed,married,professional.course,no,no,yes,cellular,apr,tue,389,1,0,nonexistent,-1.8,93.075,-47.1,1.453,5099.1,0,0
46,admin.,married,high.school,no,unknown,unknown,cellular,aug,wed,251,1,0,nonexistent,1.4,93.444,-36.1,4.967,5228.1,0,0
45,blue-collar,single,basic.9y,no,yes,yes,cellular,nov,mon,61,2,1,failure,-0.1,93.2,-42.0,4.191,5195.8,0,0
31,admin.,married,university.degree,no,yes,no,cellular,mar,tue,170,3,0,nonexistent,-1.8,92.843,-50.0,1.556,5099.1,0,1
48,entrepreneur,married,university.degree,no,yes,no,cellular,apr,thu,62,1,1,success,-1.8,93.075,-47.1,1.365,5099.1,1,0
18,student,single,basic.6y,no,no,yes,cellular,oct,fri,368,2,0,nonexistent,-3.4,92.431,-26.9,0.72,5017.5,0,1
33,services,married,high.school,no,yes,no,telephone,jul,tue,32,7,0,nonexistent,1.4,93.918,-42.7,4.961,5228.1,0,0
38,blue-collar,single,high.school,no,yes,no,cellular,sep,wed,263,1,3,success,-1.1,94.199,-37.5,0.879,4963.6,1,1
45,admin.,married,basic.9y,no,yes,no,telephone,may,tue,29,1,0,nonexistent,1.1,93.994,-36.4,4.856,5191.0,0,0
37,management,single,university.degree,no,yes,no,cellular,jul,tue,188,3,0,nonexistent,1.4,93.918,-42.7,4.961,5228.1,0,0
37,admin.,married,university.degree,no,yes,no,cellular,sep,wed,729,1,1,failure,-1.1,94.199,-37.5,0.886,4963.6,0,1
57,technician,married,professional.course,no,yes,no,cellular,apr,tue,324,1,0,nonexistent,-1.8,93.075,-47.1,1.423,5099.1,0,1
59,admin.,divorced,university.degree,no,yes,no,cellular,apr,fri,416,1,1,failure,-1.8,93.075,-47.1,1.405,5099.1,0,0
43,blue-collar,married,basic.4y,no,no,no,cellular,may,tue,609,1,0,nonexistent,-1.8,92.893,-46.2,1.291,5099.1,0,1
56,management,divorced,university.degree,no,yes,no,cellular,nov,thu,487,1,0,nonexistent,-0.1,93.2,-42.0,4.076,5195.8,0,0
56,retired,married,high.school,unknown,yes,no,telephone,jun,fri,1094,3,0,nonexistent,1.4,94.465,-41.8,4.959,5228.1,0,1
44,technician,married,high.school,no,yes,yes,cellular,oct,mon,310,1,1,failure,-1.1,94.601,-49.5,1.0,4963.6,0,1
40,unemployed,divorced,university.degree,no,yes,no,cellular,jul,wed,1373,2,0,nonexistent,1.4,93.918,-42.7,4.963,5228.1,0,1
55,technician,married,high.school,no,yes,no,telephone,may,tue,719,1,0,nonexistent,1.1,93.994,-36.4,4.856,5191.0,0,1
55,admin.,married,basic.9y,unknown,yes,no,telephone,jul,thu,197,1,0,nonexistent,1.4,93.918,-42.7,4.966,5228.1,0,0
50,technician,married,university.degree,no,yes,no,cellular,mar,fri,809,1,0,nonexistent,-1.8,93.369,-34.8,0.653,5008.7,0,1
31,services,married,basic.6y,no,no,no,telephone,may,thu,2087,2,0,nonexistent,1.1,93.994,-36.4,4.855,5191.0,0,1
29,technician,single,professional.course,no,yes,no,cellular,jun,wed,226,2,1,success,-1.7,94.055,-39.8,0.704,4991.6,1,1
30,student,single,unknown,no,yes,no,cellular,mar,thu,292,1,0,nonexistent,-1.8,93.369,-34.8,0.635,5008.7,0,1
44,blue-collar,single,professional.course,no,no,no,cellular,mar,mon,239,1,0,nonexistent,-1.8,92.843,-50.0,1.811,5099.1,0,1
34,technician,divorced,professional.course,no,yes,yes,cellular,may,fri,296,2,0,nonexistent,-1.8,92.893,-46.2,1.25,5099.1,0,0
36,admin.,married,university.degree,no,yes,no,cellular,aug,mon,103,3,0,nonexistent,1.4,93.444,-36.1,4.965,5228.1,0,0
61,blue-collar,married,basic.4y,no,no,yes,cellular,may,wed,74,2,0,nonexistent,-1.8,92.893,-46.2,1.27,5099.1,0,0
30,technician,married,professional.course,no,yes,yes,cellular,oct,thu,1707,2,0,nonexistent,-3.4,92.431,-26.9,0.722,5017.5,0,1
57,blue-collar,divorced,basic.9y,no,yes,no,telephone,may,wed,543,2,0,nonexistent,1.1,93.994,-36.4,4.857,5191.0,0,1
38,technician,married,professional.course,no,no,no,cellular,nov,mon,113,1,0,nonexistent,-0.1,93.2,-42.0,4.191,5195.8,0,0
38,management,married,university.degree,no,no,no,cellular,jul,tue,486,5,0,nonexistent,-2.9,92.469,-33.6,0.908,5076.2,0,1
24,services,single,high.school,no,no,no,telephone,jul,wed,61,14,0,nonexistent,1.4,93.918,-42.7,4.957,5228.1,0,0
20,student,single,unknown,no,yes,no,cellular,apr,wed,184,4,0,nonexistent,-1.8,93.075,-47.1,1.498,5099.1,0,1
31,admin.,single,high.school,no,yes,no,telephone,may,wed,260,1,0,nonexistent,1.1,93.994,-36.4,4.856,5191.0,0,0
47,blue-collar,married,professional.course,no,yes,no,cellular,apr,tue,225,4,1,failure,-1.8,93.075,-47.1,1.423,5099.1,0,0
46,self-employed,divorced,high.school,no,no,no,cellular,sep,fri,267,2,1,failure,-3.4,92.379,-29.8,0.762,5017.5,0,1
35,technician,single,professional.course,no,yes,no,cellular,jul,tue,360,1,2,success,-1.7,94.215,-40.3,0.835,4991.6,1,1
59,housemaid,married,basic.4y,no,no,no,telephone,oct,tue,2187,1,0,nonexistent,-3.4,92.431,-26.9,0.737,5017.5,0,0
39,student,single,unknown,no,yes,no,cellular,jun,fri,474,3,0,nonexistent,-2.9,92.963,-40.8,1.224,5076.2,0,1
37,admin.,married,university.degree,unknown,no,no,cellular,aug,wed,739,1,0,nonexistent,1.4,93.444,-36.1,4.967,5228.1,0,1
33,housemaid,married,university.degree,no,no,no,cellular,jun,tue,224,1,0,nonexistent,-2.9,92.963,-40.8,1.099,5076.2,0,1
73,retired,divorced,basic.4y,no,no,yes,cellular,apr,tue,342,1,0,nonexistent,-1.8,93.075,-47.1,1.423,5099.1,0,1
30,admin.,married,professional.course,no,yes,no,cellular,jun,thu,80,1,0,nonexistent,-2.9,92.963,-40.8,1.26,5076.2,0,0
35,technician,single,university.degree,no,yes,no,telephone,may,wed,412,1,0,nonexistent,1.1,93.994,-36.4,4.858,5191.0,0,1
39,technician,married,high.school,no,yes,no,cellular,jul,thu,1461,4,0,nonexistent,1.4,93.918,-42.7,4.968,5228.1,0,1
46,technician,divorced,professional.course,no,yes,no,cellular,jul,tue,513,5,0,nonexistent,1.4,93.918,-42.7,4.961,5228.1,0,0
34,blue-collar,divorced,basic.9y,no,yes,no,telephone,may,fri,350,8,1,failure,-1.8,92.893,-46.2,1.25,5099.1,0,0
44,entrepreneur,married,basic.4y,no,unknown,unknown,cellular,may,tue,84,1,1,failure,-1.8,92.893,-46.2,1.344,5099.1,0,0
31,student,single,unknown,no,no,yes,cellular,may,mon,535,2,0,nonexistent,-1.8,92.893,-46.2,1.354,5099.1,0,0
28,self-employed,single,university.degree,no,no,no,cellular,mar,fri,114,1,0,nonexistent,-1.8,92.843,-50.0,1.64,5099.1,0,0
39,housemaid,married,basic.9y,no,yes,yes,cellular,nov,mon,272,2,0,nonexistent,-0.1,93.2,-42.0,4.191,5195.8,0,0
36,blue-collar,married,basic.9y,unknown,yes,no,cellular,jul,thu,53,2,0,nonexistent,1.4,93.918,-42.7,4.958,5228.1,0,0
42,self-employed,married,university.degree,no,yes,no,telephone,jul,thu,1088,14,0,nonexistent,1.4,93.918,-42.7,4.968,5228.1,0,1
43,admin.,single,university.degree,no,yes,yes,cellular,aug,wed,79,3,0,nonexistent,1.4,93.444,-36.1,4.967,5228.1,0,0
38,admin.,single,basic.9y,no,no,no,cellular,may,thu,275,2,0,nonexistent,-1.8,93.876,-40.0,0.699,5008.7,0,1
37,self-employed,single,university.degree,no,yes,no,cellular,apr,thu,465,1,0,nonexistent,-1.8,93.075,-47.1,1.365,5099.1,0,1
28,admin.,married,high.school,no,no,no,telephone,jun,wed,206,4,0,nonexistent,-2.9,92.963,-40.8,1.26,5076.2,0,1
44,technician,divorced,university.degree,unknown,no,no,cellular,aug,tue,117,1,0,nonexistent,1.4,93.444,-36.1,4.968,5228.1,0,0
20,student,single,high.school,no,no,no,cellular,nov,wed,229,2,3,success,-3.4,92.649,-30.1,0.715,5017.5,1,1
35,admin.,single,university.degree,no,yes,no,telephone,may,tue,227,3,0,nonexistent,-1.8,92.893,-46.2,1.344,5099.1,0,0
20,student,single,unknown,no,yes,yes,cellular,oct,tue,187,1,4,success,-1.1,94.601,-49.5,0.982,4963.6,1,1
59,entrepreneur,married,university.degree,unknown,no,no,telephone,may,thu,146,1,0,nonexistent,1.1,93.994,-36.4,4.86,5191.0,0,0
33,technician,married,high.school,no,yes,no,cellular,jul,fri,1360,9,0,nonexistent,1.4,93.918,-42.7,4.957,5228.1,0,1
40,technician,married,professional.course,no,no,no,cellular,jul,fri,175,1,0,nonexistent,1.4,93.918,-42.7,4.962,5228.1,0,0
50,technician,married,high.school,no,yes,no,telephone,may,thu,756,1,0,nonexistent,1.1,93.994,-36.4,4.855,5191.0,0,1
58,retired,married,professional.course,unknown,unknown,unknown,telephone,may,tue,179,1,0,nonexistent,1.1,93.994,-36.4,4.856,5191.0,0,0
31,services,single,high.school,no,yes,yes,cellular,apr,mon,289,3,1,failure,-1.8,93.075,-47.1,1.405,5099.1,0,0
25,blue-collar,single,basic.9y,no,no,no,cellular,mar,thu,456,2,2,success,-1.8,93.369,-34.8,0.654,5008.7,1,1
31,admin.,divorced,university.degree,no,no,no,cellular,may,tue,290,2,0,nonexistent,-1.8,92.893,-46.2,1.344,5099.1,0,0
36,technician,married,university.degree,no,unknown,unknown,cellular,sep,thu,1334,2,0,nonexistent,-1.1,94.199,-37.5,0.879,4963.6,0,1
45,blue-collar,married,basic.9y,no,no,no,cellular,jun,mon,177,2,0,nonexistent,-2.9,92.963,-40.8,1.266,5076.2,0,1
37,admin.,married,basic.6y,no,yes,yes,cellular,jul,thu,1602,6,0,nonexistent,1.4,93.918,-42.7,4.962,5228.1,0,1
24,unemployed,single,high.school,no,yes,no,cellular,may,mon,699,1,2,failure,-1.8,93.876,-40.0,0.697,5008.7,1,1
31,management,married,university.degree,no,yes,no,cellular,nov,mon,188,1,0,nonexistent,-1.1,94.767,-50.8,1.05,4963.6,0,1
28,services,single,university.degree,no,yes,no,cellular,jul,mon,316,4,0,nonexistent,-2.9,92.469,-33.6,1.048,5076.2,0,1
31,technician,married,professional.course,no,yes,no,cellular,jun,tue,243,5,2,success,-1.7,94.055,-39.8,0.723,4991.6,1,1
37,blue-collar,married,basic.9y,unknown,yes,no,cellular,jul,fri,216,2,0,nonexistent,1.4,93.918,-42.7,4.963,5228.1,0,0
55,admin.,divorced,university.degree,no,no,no,cellular,apr,thu,260,1,0,nonexistent,-1.8,93.075,-47.1,1.365,5099.1,0,1
34,blue-collar,married,basic.9y,unknown,no,no,telephone,may,tue,59,1,0,nonexistent,1.1,93.994,-36.4,4.857,5191.0,0,0
30,admin.,single,high.school,no,yes,no,telephone,jun,mon,174,1,0,nonexistent,1.4,94.465,-41.8,4.961,5228.1,0,0
27,admin.,single,university.degree,no,no,yes,cellular,jul,thu,242,1,0,nonexistent,1.4,93.918,-42.7,4.968,5228.1,0,0
62,retired,divorced,high.school,no,yes,no,cellular,jun,fri,201,4,0,nonexistent,-1.7,94.055,-39.8,0.732,4991.6,0,0
33,services,single,professional.course,no,no,no,telephone,may,thu,182,1,0,nonexistent,1.1,93.994,-36.4,4.855,5191.0,0,0
42,blue-collar,married,basic.4y,no,no,no,cellular,apr,wed,1217,3,0,nonexistent,-1.8,93.075,-47.1,1.415,5099.1,0,1
55,technician,divorced,professional.course,unknown,yes,no,telephone,may,mon,252,4,0,nonexistent,1.1,93.994,-36.4,4.857,5191.0,0,0
47,admin.,married,unknown,no,no,no,telephone,may,fri,230,1,0,nonexistent,1.1,93.994,-36.4,4.857,5191.0,0,0
33,entrepreneur,married,high.school,no,yes,no,cellular,nov,wed,902,2,0,nonexistent,-0.1,93.2,-42.0,4.12,5195.8,0,0
25,blue-collar,single,basic.9y,no,yes,yes,cellular,jul,tue,138,1,0,nonexistent,1.4,93.918,-42.7,4.962,5228.1,0,0
52,admin.,married,university.degree,no,no,yes,telephone,apr,thu,395,3,0,nonexistent,-1.8,93.749,-34.6,0.659,5008.7,0,1
85,retired,married,basic.4y,unknown,yes,no,cellular,apr,tue,129,3,0,nonexistent,-1.8,93.075,-47.1,1.405,5099.1,0,1
42,blue-collar,married,basic.6y,unknown,no,no,cellular,jul,fri,304,3,0,nonexistent,1.4,93.918,-42.7,4.957,5228.1,0,0
54,technician,married,professional.course,no,no,no,telephone,may,wed,796,1,0,nonexistent,1.1,93.994,-36.4,4.857,5191.0,0,1
41,management,married,university.degree,no,yes,no,cellular,nov,tue,57,1,0,nonexistent,-0.1,93.2,-42.0,4.153,5195.8,0,0
34,admin.,single,high.school,no,yes,no,cellular,may,fri,655,2,0,nonexistent,-1.8,92.893,-46.2,1.25,5099.1,0,1
24,admin.,single,university.degree,no,yes,no,cellular,mar,wed,145,2,1,failure,-1.8,93.369,-34.8,0.655,5008.7,0,1
51,admin.,married,university.degree,unknown,yes,no,cellular,aug,tue,545,1,0,nonexistent,1.4,93.444,-36.1,4.968,5228.1,0,0
36,technician,single,professional.course,unknown,yes,no,cellular,apr,mon,59,3,0,nonexistent,-1.8,93.075,-47.1,1.405,5099.1,0,0
30,technician,single,professional.course,no,yes,no,telephone,may,wed,343,1,0,nonexistent,1.1,93.994,-36.4,4.859,5191.0,0,0
39,self-employed,divorced,high.school,no,no,no,cellular,sep,tue,261,1,1,success,-3.4,92.379,-29.8,0.788,5017.5,1,1
49,blue-collar,divorced,basic.4y,unknown,no,no,telephone,may,thu,920,2,0,nonexistent,1.1,93.994,-36.4,4.86,5191.0,0,1
28,admin.,single,high.school,no,no,no,cellular,mar,fri,347,2,0,nonexistent,-1.8,92.843,-50.0,1.531,5099.1,0,1
45,blue-collar,married,basic.6y,no,no,no,cellular,aug,wed,921,1,0,nonexistent,1.4,93.444,-36.1,4.964,5228.1,0,1
29,admin.,married,high.school,no,yes,no,cellular,jul,tue,681,1,0,nonexistent,1.4,93.918,-42.7,4.962,5228.1,0,1
50,blue-collar,single,basic.9y,unknown,no,no,telephone,jun,mon,264,4,0,nonexistent,1.4,94.465,-41.8,4.96,5228.1,0,0
33,admin.,single,high.school,no,yes,no,cellular,may,thu,97,1,0,nonexistent,-1.8,92.893,-46.2,1.266,5099.1,0,0
28,blue-collar,married,basic.9y,unknown,yes,yes,telephone,jul,tue,138,4,0,nonexistent,1.4,93.918,-42.7,4.961,5228.1,0,0
34,admin.,single,university.degree,no,yes,no,cellular,jul,wed,337,1,0,nonexistent,1.4,93.918,-42.7,4.962,5228.1,0,0
21,student,single,high.school,no,no,yes,cellular,oct,mon,238,1,0,nonexistent,-3.4,92.431,-26.9,0.739,5017.5,0,0
43,services,divorced,high.school,no,no,no,cellular,nov,wed,1015,1,0,nonexistent,-0.1,93.2,-42.0,4.12,5195.8,0,1
43,admin.,married,university.degree,no,yes,yes,cellular,aug,thu,444,1,0,nonexistent,1.4,93.444,-36.1,4.963,5228.1,0,0
41,admin.,married,basic.9y,unknown,yes,no,telephone,jun,thu,85,2,0,nonexistent,1.4,94.465,-41.8,4.958,5228.1,0,0
26,unemployed,married,high.school,no,yes,no,cellular,jul,fri,474,7,0,nonexistent,-1.7,94.215,-40.3,0.822,4991.6,0,1
34,blue-collar,married,basic.6y,no,yes,no,telephone,may,mon,1622,2,0,nonexistent,1.1,93.994,-36.4,4.858,5191.0,0,1
39,services,married,unknown,unknown,yes,yes,cellular,jul,wed,1201,6,0,nonexistent,1.4,93.918,-42.7,4.963,5228.1,0,1
29,admin.,single,high.school,no,no,no,cellular,jul,tue,319,1,0,nonexistent,-1.7,94.215,-40.3,0.797,4991.6,0,1
22,student,single,high.school,no,yes,no,cellular,may,tue,272,1,0,nonexistent,-1.8,93.876,-40.0,0.697,5008.7,0,1
49,technician,married,basic.9y,no,yes,no,cellular,jul,thu,183,1,0,nonexistent,1.4,93.918,-42.7,4.968,5228.1,0,0
33,admin.,single,university.degree,no,no,no,cellular,jun,tue,541,3,0,nonexistent,-2.9,92.963,-40.8,1.262,5076.2,0,1
34,blue-collar,married,basic.9y,no,no,no,cellular,may,tue,129,2,0,nonexistent,-1.8,92.893,-46.2,1.344,5099.1,0,0
45,management,married,university.degree,no,yes,no,cellular,jul,wed,817,2,0,nonexistent,-1.7,94.215,-40.3,0.84,4991.6,0,1
55,blue-collar,married,professional.course,no,yes,yes,cellular,may,fri,197,3,1,failure,-1.8,92.893,-46.2,1.25,5099.1,0,0
41,admin.,married,university.degree,no,yes,yes,telephone,jun,thu,142,4,0,nonexistent,1.4,94.465,-41.8,4.961,5228.1,0,0
28,student,single,university.degree,no,no,yes,cellular,may,thu,647,4,0,nonexistent,-1.8,92.893,-46.2,1.266,5099.1,0,1
76,retired,married,university.degree,no,no,yes,cellular,dec,thu,324,3,2,success,-3.0,92.713,-33.0,0.712,5023.5,1,1
35,technician,married,professional.course,no,yes,yes,cellular,oct,wed,608,1,2,failure,-1.1,94.601,-49.5,0.959,4963.6,1,1
29,technician,single,university.degree,no,no,no,cellular,may,mon,50,7,0,nonexistent,-1.8,92.893,-46.2,1.244,5099.1,0,0
21,student,single,basic.9y,no,yes,no,cellular,mar,wed,136,2,1,failure,-1.8,93.369,-34.8,0.655,5008.7,0,1
38,admin.,divorced,university.degree,no,no,no,cellular,apr,mon,62,1,0,nonexistent,-1.8,93.075,-47.1,1.392,5099.1,0,0
19,student,single,basic.6y,no,yes,no,cellular,mar,tue,313,1,2,success,-1.8,93.369,-34.8,0.655,5008.7,1,1
32,services,single,unknown,no,no,yes,cellular,jul,thu,415,2,0,nonexistent,-1.7,94.215,-40.3,0.846,4991.6,0,1
56,unknown,single,basic.9y,no,no,no,cellular,jul,mon,102,2,0,nonexistent,1.4,93.918,-42.7,4.962,5228.1,0,0
53,blue-collar,married,basic.4y,unknown,no,no,telephone,may,tue,182,2,0,nonexistent,1.1,93.994,-36.4,4.856,5191.0,0,1
33,technician,married,professional.course,no,no,no,cellular,apr,thu,285,1,0,nonexistent,-1.8,93.075,-47.1,1.41,5099.1,0,1
32,services,single,basic.9y,no,no,yes,telephone,jun,thu,139,1,0,nonexistent,1.4,94.465,-41.8,4.866,5228.1,0,0
32,technician,single,university.degree,no,no,no,cellular,aug,tue,432,3,0,nonexistent,1.4,93.444,-36.1,4.966,5228.1,0,1
52,admin.,divorced,basic.9y,no,yes,yes,cellular,apr,mon,20,5,1,failure,-1.8,93.075,-47.1,1.405,5099.1,0,0
53,admin.,married,university.degree,no,yes,no,cellular,nov,tue,409,2,0,nonexistent,-3.4,92.649,-30.1,0.715,5017.5,0,1
41,technician,married,professional.course,no,no,no,cellular,aug,tue,1476,2,0,nonexistent,1.4,93.444,-36.1,4.966,5228.1,0,0
23,services,single,high.school,no,no,no,cellular,jul,thu,1097,3,0,nonexistent,1.4,93.918,-42.7,4.963,5228.1,0,1
35,blue-collar,divorced,basic.9y,no,no,no,cellular,may,fri,409,1,1,failure,-1.8,92.893,-46.2,1.25,5099.1,0,1
41,admin.,divorced,high.school,no,no,no,cellular,apr,fri,471,1,0,nonexistent,-1.8,93.075,-47.1,1.405,5099.1,0,0
30,student,single,professional.course,no,yes,no,cellular,sep,tue,282,2,1,success,-1.1,94.199,-37.5,0.88,4963.6,1,1
44,blue-collar,married,basic.4y,no,no,no,cellular,nov,thu,107,1,0,nonexistent,-0.1,93.2,-42.0,4.076,5195.8,0,0
30,admin.,married,university.degree,no,yes,no,cellular,apr,thu,243,3,0,nonexistent,-1.8,93.075,-47.1,1.483,5099.1,0,1
33,technician,divorced,university.degree,no,yes,yes,cellular,jul,thu,260,1,0,nonexistent,1.4,93.918,-42.7,4.958,5228.1,0,0
23,admin.,single,professional.course,no,no,yes,cellular,jul,wed,206,3,0,nonexistent,1.4,93.918,-42.7,4.963,5228.1,0,0
39,blue-collar,single,basic.4y,unknown,no,no,cellular,jul,thu,633,1,0,nonexistent,1.4,93.918,-42.7,4.963,5228.1,0,0
30,admin.,single,university.degree,no,no,no,cellular,jun,thu,323,1,0,nonexistent,-2.9,92.963,-40.8,1.26,5076.2,0,1
48,services,married,high.school,no,no,no,telephone,may,mon,788,2,0,nonexistent,1.1,93.994,-36.4,4.857,5191.0,0,0
26,services,single,basic.9y,no,yes,no,cellular,jul,wed,294,2,0,nonexistent,1.4,93.918,-42.7,4.957,5228.1,0,0
38,unknown,divorced,high.school,unknown,yes,no,telephone,jun,mon,133,1,0,nonexistent,1.4,94.465,-41.8,4.865,5228.1,0,0
34,admin.,married,university.degree,no,no,no,cellular,nov,fri,128,2,0,nonexistent,-0.1,93.2,-42.0,4.021,5195.8,0,0
34,unknown,married,basic.4y,no,yes,no,cellular,apr,thu,328,1,0,nonexistent,-1.8,93.075,-47.1,1.406,5099.1,0,1
53,housemaid,married,basic.4y,no,no,yes,cellular,jun,tue,263,2,0,nonexistent,-2.9,92.963,-40.8,1.252,5076.2,0,1
42,self-employed,married,university.degree,no,yes,no,cellular,aug,fri,59,3,0,nonexistent,1.4,93.444,-36.1,4.966,5228.1,0,0
41,services,married,professional.course,no,yes,yes,cellular,jul,fri,348,2,0,nonexistent,1.4,93.918,-42.7,4.963,5228.1,0,0
31,technician,single,unknown,unknown,yes,no,cellular,nov,thu,276,1,0,nonexistent,-0.1,93.2,-42.0,4.076,5195.8,0,0
40,admin.,married,high.school,unknown,yes,no,telephone,may,thu,299,1,0,nonexistent,1.1,93.994,-36.4,4.86,5191.0,0,0
38,services,divorced,basic.6y,no,no,no,telephone,may,fri,825,2,0,nonexistent,1.1,93.994,-36.4,4.864,5191.0,0,0
33,blue-collar,married,basic.9y,no,no,no,cellular,may,fri,339,1,1,failure,-1.8,92.893,-46.2,1.313,5099.1,0,0
47,technician,divorced,high.school,no,no,yes,cellular,jul,thu,417,5,0,nonexistent,1.4,93.918,-42.7,4.962,5228.1,0,0
32,admin.,single,high.school,no,no,no,cellular,apr,thu,1143,1,0,nonexistent,-1.8,93.075,-47.1,1.365,5099.1,0,1
34,services,married,basic.9y,no,no,no,cellular,jul,wed,604,1,0,nonexistent,-1.7,94.215,-40.3,0.84,4991.6,0,1
33,blue-collar,married,basic.9y,no,yes,no,cellular,may,tue,482,1,0,nonexistent,-1.8,92.893,-46.2,1.266,5099.1,0,1
58,admin.,married,basic.4y,unknown,no,yes,telephone,may,wed,120,2,0,nonexistent,1.1,93.994,-36.4,4.856,5191.0,0,0
29,admin.,single,university.degree,no,yes,no,cellular,aug,tue,112,5,0,nonexistent,1.4,93.444,-36.1,4.963,5228.1,0,0
58,self-employed,married,university.degree,no,no,no,cellular,aug,fri,1242,3,0,nonexistent,1.4,93.444,-36.1,4.966,5228.1,0,1
45,unemployed,married,professional.course,unknown,no,no,telephone,sep,thu,1405,1,2,failure,-1.1,94.199,-37.5,0.879,4963.6,1,1
34,admin.,single,university.degree,no,yes,no,telephone,aug,tue,205,1,0,nonexistent,-2.9,92.201,-31.4,0.859,5076.2,0,1
40,services,married,high.school,no,yes,no,telephone,may,fri,288,3,0,nonexistent,1.1,93.994,-36.4,4.864,5191.0,0,0
60,blue-collar,married,basic.4y,no,yes,no,cellular,may,mon,272,2,2,success,-1.8,93.876,-40.0,0.685,5008.7,1,1
56,entrepreneur,married,basic.4y,unknown,yes,no,cellular,jul,thu,20,20,0,nonexistent,1.4,93.918,-42.7,4.968,5228.1,0,0
36,admin.,single,university.degree,no,no,yes,cellular,jul,thu,35,11,0,nonexistent,1.4,93.918,-42.7,4.968,5228.1,0,0
36,unemployed,single,basic.4y,unknown,no,no,telephone,may,fri,122,1,0,nonexistent,1.1,93.994,-36.4,4.855,5191.0,0,0
27,blue-collar,married,basic.4y,no,yes,no,telephone,may,mon,51,5,0,nonexistent,1.1,93.994,-36.4,4.857,5191.0,0,0
32,student,single,unknown,no,yes,no,cellular,may,wed,188,2,0,nonexistent,-1.8,93.876,-40.0,0.672,5008.7,0,1
51,unemployed,married,basic.6y,no,yes,no,cellular,jun,thu,262,2,0,nonexistent,-2.9,92.963,-40.8,1.26,5076.2,0,1
30,management,single,high.school,no,no,yes,cellular,nov,tue,117,2,0,nonexistent,-0.1,93.2,-42.0,4.153,5195.8,0,0
41,management,married,basic.6y,no,yes,no,telephone,may,wed,648,1,0,nonexistent,1.1,93.994,-36.4,4.857,5191.0,0,1
44,blue-collar,married,basic.9y,no,no,no,cellular,may,fri,199,1,0,nonexistent,-1.8,92.893,-46.2,1.313,5099.1,0,0
56,self-employed,married,university.degree,no,no,no,cellular,jun,thu,754,3,0,nonexistent,-2.9,92.963,-40.8,1.235,5076.2,0,0
37,technician,divorced,professional.course,no,yes,no,cellular,apr,thu,241,1,1,failure,-1.8,93.075,-47.1,1.435,5099.1,0,0
52,admin.,married,university.degree,no,no,no,cellular,may,wed,429,3,1,failure,-1.8,92.893,-46.2,1.281,5099.1,0,1
53,unknown,married,high.school,unknown,no,no,telephone,may,thu,303,1,0,nonexistent,1.1,93.994,-36.4,4.86,5191.0,0,0
60,admin.,married,unknown,no,yes,no,cellular,may,wed,762,1,2,success,-1.8,93.876,-40.0,0.682,5008.7,1,1
39,technician,married,university.degree,no,yes,no,cellular,apr,fri,492,1,0,nonexistent,-1.8,93.075,-47.1,1.405,5099.1,0,0
57,admin.,married,university.degree,no,no,no,cellular,jul,mon,230,1,0,nonexistent,1.4,93.918,-42.7,4.96,5228.1,0,0
36,admin.,single,university.degree,no,no,no,cellular,aug,tue,278,1,0,nonexistent,-2.9,92.201,-31.4,0.859,5076.2,0,1
34,blue-collar,single,basic.6y,unknown,yes,no,telephone,may,mon,891,1,0,nonexistent,1.1,93.994,-36.4,4.857,5191.0,0,0
62,technician,married,unknown,no,no,no,cellular,jul,mon,262,2,2,failure,-1.7,94.215,-40.3,0.827,4991.6,0,1
38,management,married,basic.9y,unknown,no,no,telephone,may,fri,772,1,0,nonexistent,1.1,93.994,-36.4,4.855,5191.0,0,1
34,admin.,single,university.degree,no,yes,no,cellular,mar,tue,568,1,3,success,-1.8,93.369,-34.8,0.652,5008.7,1,1
30,technician,single,professional.course,no,no,no,cellular,sep,tue,706,1,1,success,-1.1,94.199,-37.5,0.877,4963.6,1,0
51,blue-collar,married,basic.4y,no,yes,yes,telephone,may,mon,136,2,0,nonexistent,1.1,93.994,-36.4,4.857,5191.0,0,0
34,technician,single,professional.course,no,yes,no,cellular,aug,tue,110,2,0,nonexistent,1.4,93.444,-36.1,4.966,5228.1,0,0
49,admin.,divorced,university.degree,no,no,no,cellular,apr,thu,532,1,0,nonexistent,-1.8,93.075,-47.1,1.365,5099.1,0,1
38,technician,married,university.degree,no,yes,no,cellular,jun,wed,171,1,0,nonexistent,-2.9,92.963,-40.8,1.26,5076.2,0,0
55,admin.,married,university.degree,no,yes,yes,cellular,jul,fri,129,2,1,failure,-1.7,94.215,-40.3,0.79,4991.6,0,0
41,admin.,single,professional.course,no,no,no,cellular,aug,mon,139,6,0,nonexistent,1.4,93.444,-36.1,4.965,5228.1,0,0
58,self-employed,married,university.degree,no,no,no,cellular,aug,tue,326,4,3,success,-1.7,94.027,-38.3,0.895,4991.6,1,1
28,admin.,single,university.degree,no,yes,no,cellular,jun,fri,232,1,0,nonexistent,-2.9,92.963,-40.8,1.268,5076.2,0,1
35,blue-collar,divorced,basic.9y,no,no,no,cellular,jul,tue,658,1,0,nonexistent,1.4,93.918,-42.7,4.961,5228.1,0,1
62,entrepreneur,married,university.degree,no,yes,no,telephone,sep,tue,722,1,0,nonexistent,-3.4,92.379,-29.8,0.77,5017.5,0,1
36,entrepreneur,married,high.school,no,no,no,cellular,may,tue,179,1,1,failure,-1.8,92.893,-46.2,1.344,5099.1,0,0
36,entrepreneur,married,basic.9y,no,yes,no,cellular,may,fri,251,1,0,nonexistent,-1.8,92.893,-46.2,1.25,5099.1,0,0
37,admin.,single,high.school,no,no,no,telephone,may,tue,165,3,0,nonexistent,1.1,93.994,-36.4,4.856,5191.0,0,0
27,admin.,single,university.degree,no,no,no,cellular,apr,tue,317,1,1,success,-1.8,93.749,-34.6,0.638,5008.7,1,1
32,entrepreneur,single,university.degree,no,no,yes,cellular,nov,thu,67,1,1,failure,-0.1,93.2,-42.0,4.076,5195.8,0,0
42,admin.,married,university.degree,no,yes,no,cellular,nov,mon,375,1,0,nonexistent,-0.1,93.2,-42.0,4.191,5195.8,0,0
44,blue-collar,married,basic.4y,unknown,no,no,telephone,may,mon,49,2,0,nonexistent,1.1,93.994,-36.4,4.857,5191.0,0,0
31,technician,married,professional.course,no,yes,no,cellular,aug,thu,707,1,0,nonexistent,1.4,93.444,-36.1,4.964,5228.1,0,1
42,services,married,high.school,unknown,no,no,cellular,aug,fri,205,2,0,nonexistent,1.4,93.444,-36.1,4.964,5228.1,0,0
44,unemployed,married,high.school,no,yes,no,cellular,may,tue,215,1,0,nonexistent,-1.8,92.893,-46.2,1.291,5099.1,0,0
57,technician,divorced,professional.course,no,unknown,unknown,cellular,nov,fri,87,1,0,nonexistent,-0.1,93.2,-42.0,4.021,5195.8,0,0
26,services,single,high.school,no,no,no,cellular,jul,fri,588,7,0,nonexistent,1.4,93.918,-42.7,4.957,5228.1,0,1
36,admin.,married,high.school,no,no,no,telephone,may,tue,1346,1,0,nonexistent,-1.8,92.893,-46.2,1.266,5099.1,0,1
33,technician,married,university.degree,no,no,no,telephone,nov,wed,91,2,0,nonexistent,-0.1,93.2,-42.0,4.12,5195.8,0,0
50,management,married,university.degree,unknown,yes,no,cellular,aug,mon,699,4,0,nonexistent,1.4,93.444,-36.1,4.965,5228.1,0,1
63,technician,married,unknown,no,yes,no,cellular,dec,mon,510,2,1,failure,-3.0,92.713,-33.0,0.715,5023.5,0,1
27,technician,single,university.degree,no,yes,no,cellular,oct,wed,184,1,1,failure,-1.1,94.601,-49.5,1.043,4963.6,0,1
29,admin.,married,university.degree,no,no,yes,cellular,jun,tue,347,3,1,success,-1.7,94.055,-39.8,0.702,4991.6,1,1
33,technician,married,university.degree,no,yes,no,cellular,aug,tue,664,3,0,nonexistent,1.4,93.444,-36.1,4.966,5228.1,0,1
52,blue-collar,married,basic.9y,no,no,no,cellular,aug,fri,809,1,0,nonexistent,1.4,93.444,-36.1,4.966,5228.1,0,1
27,admin.,single,high.school,unknown,no,no,telephone,may,fri,682,1,0,nonexistent,1.1,93.994,-36.4,4.864,5191.0,0,1
47,management,divorced,university.degree,no,no,no,telephone,may,fri,63,1,0,nonexistent,1.1,93.994,-36.4,4.857,5191.0,0,0
33,management,married,high.school,unknown,yes,no,telephone,may,wed,641,1,0,nonexistent,1.1,93.994,-36.4,4.858,5191.0,0,0
42,blue-collar,divorced,basic.9y,no,no,no,telephone,may,thu,159,1,0,nonexistent,1.1,93.994,-36.4,4.86,5191.0,0,0
26,blue-collar,single,basic.6y,unknown,no,no,cellular,jul,tue,333,2,0,nonexistent,1.4,93.918,-42.7,4.961,5228.1,0,0
23,services,married,high.school,no,no,no,cellular,jul,wed,650,1,0,nonexistent,1.4,93.918,-42.7,4.963,5228.1,0,1
41,blue-collar,single,university.degree,no,no,no,cellular,jul,mon,357,1,0,nonexistent,1.4,93.918,-42.7,4.96,5228.1,0,0
34,blue-collar,single,university.degree,unknown,yes,no,cellular,may,mon,321,2,0,nonexistent,-1.8,92.893,-46.2,1.299,5099.1,0,0
56,unemployed,married,high.school,unknown,no,no,telephone,jun,tue,197,3,0,nonexistent,1.4,94.465,-41.8,4.864,5228.1,0,0
34,blue-collar,married,basic.9y,no,no,no,telephone,may,fri,344,4,0,nonexistent,1.1,93.994,-36.4,4.859,5191.0,0,0
57,self-employed,married,university.degree,unknown,yes,no,cellular,aug,mon,932,2,0,nonexistent,1.4,93.444,-36.1,4.965,5228.1,0,1
35,admin.,married,high.school,no,yes,no,cellular,apr,wed,1190,1,0,nonexistent,-1.8,93.075,-47.1,1.445,5099.1,0,1
44,services,divorced,basic.9y,no,no,no,cellular,jul,tue,805,3,0,nonexistent,1.4,93.918,-42.7,4.961,5228.1,0,1
44,admin.,married,high.school,no,yes,no,telephone,oct,fri,159,1,0,nonexistent,-0.1,93.798,-40.4,5.045,5195.8,0,0
46,technician,married,high.school,no,no,no,telephone,jun,tue,372,1,0,nonexistent,1.4,94.465,-41.8,4.864,5228.1,0,0
38,technician,married,professional.course,no,yes,no,cellular,mar,thu,182,1,0,nonexistent,-1.8,92.843,-50.0,1.757,5099.1,0,1
37,services,married,high.school,no,yes,yes,cellular,apr,fri,398,2,0,nonexistent,-1.8,93.075,-47.1,1.405,5099.1,0,0
26,blue-collar,married,basic.9y,no,no,no,telephone,jun,mon,230,3,0,nonexistent,1.4,94.465,-41.8,4.865,5228.1,0,1
66,retired,married,basic.4y,no,yes,yes,telephone,aug,wed,82,3,3,failure,-2.9,92.201,-31.4,0.854,5076.2,0,0
38,technician,single,professional.course,no,no,no,cellular,sep,thu,430,4,0,nonexistent,-1.1,94.199,-37.5,0.879,4963.6,0,1
49,admin.,married,high.school,no,no,no,cellular,sep,tue,495,1,1,success,-3.4,92.379,-29.8,0.788,5017.5,1,1
33,admin.,divorced,university.degree,no,no,no,cellular,aug,thu,49,1,0,nonexistent,1.4,93.444,-36.1,4.962,5228.1,0,0
50,technician,single,basic.4y,unknown,yes,no,cellular,jul,tue,96,5,0,nonexistent,1.4,93.918,-42.7,4.961,5228.1,0,0
27,admin.,single,university.degree,no,yes,no,cellular,mar,wed,210,1,2,success,-1.8,93.369,-34.8,0.634,5008.7,1,1
63,retired,married,high.school,no,yes,no,cellular,oct,wed,96,1,0,nonexistent,-3.4,92.431,-26.9,0.724,5017.5,0,1
45,blue-collar,married,unknown,no,yes,no,cellular,apr,thu,944,1,1,failure,-1.8,93.075,-47.1,1.41,5099.1,0,1
27,admin.,single,high.school,no,yes,no,cellular,apr,fri,108,1,0,nonexistent,-1.8,93.075,-47.1,1.405,5099.1,0,1
46,admin.,married,university.degree,unknown,no,no,cellular,aug,tue,123,2,0,nonexistent,1.4,93.444,-36.1,4.968,5228.1,0,0
42,admin.,single,university.degree,no,no,no,cellular,aug,mon,14,11,0,nonexistent,1.4,93.444,-36.1,4.965,5228.1,0,0
31,blue-collar,married,basic.6y,no,no,no,cellular,may,tue,104,3,1,failure,-1.8,92.893,-46.2,1.291,5099.1,0,0
59,retired,married,basic.9y,unknown,yes,no,cellular,aug,wed,80,1,0,nonexistent,1.4,93.444,-36.1,4.964,5228.1,0,0
35,blue-collar,married,professional.course,no,no,no,telephone,may,wed,306,5,0,nonexistent,1.1,93.994,-36.4,4.856,5191.0,0,0
49,blue-collar,single,basic.6y,no,yes,no,telephone,may,wed,148,4,0,nonexistent,1.1,93.994,-36.4,4.856,5191.0,0,0
35,technician,single,professional.course,no,yes,no,cellular,jun,tue,187,1,2,success,-1.7,94.055,-39.8,0.713,4991.6,1,1
38,admin.,married,university.degree,no,yes,no,cellular,apr,fri,107,1,0,nonexistent,-1.8,93.075,-47.1,1.405,5099.1,0,1
50,blue-collar,married,basic.4y,unknown,no,yes,cellular,jul,tue,231,2,0,nonexistent,1.4,93.918,-42.7,4.961,5228.1,0,0
43,blue-collar,married,basic.9y,unknown,no,no,telephone,may,fri,1500,2,0,nonexistent,1.1,93.994,-36.4,4.864,5191.0,0,1
28,admin.,single,high.school,no,no,no,cellular,may,wed,251,2,0,nonexistent,-1.8,92.893,-46.2,1.334,5099.1,0,0
29,admin.,single,university.degree,no,yes,no,telephone,may,wed,51,3,0,nonexistent,-1.8,92.893,-46.2,1.281,5099.1,0,0
38,admin.,married,university.degree,no,no,no,telephone,nov,thu,71,1,1,success,-3.4,92.649,-30.1,0.714,5017.5,1,1
38,blue-collar,married,basic.6y,no,no,no,telephone,may,wed,124,1,0,nonexistent,1.1,93.994,-36.4,4.857,5191.0,0,0
41,blue-collar,married,basic.9y,no,yes,no,telephone,jun,wed,213,6,0,nonexistent,1.4,94.465,-41.8,4.959,5228.1,0,0
46,blue-collar,married,basic.9y,no,no,no,cellular,aug,mon,488,2,0,nonexistent,1.4,93.444,-36.1,4.97,5228.1,0,0
47,admin.,married,university.degree,no,yes,no,telephone,jun,tue,50,2,0,nonexistent,1.4,94.465,-41.8,4.961,5228.1,0,0
37,admin.,single,high.school,no,yes,yes,telephone,jun,tue,159,3,0,nonexistent,1.4,94.465,-41.8,4.961,5228.1,0,0
58,admin.,married,unknown,unknown,yes,no,telephone,may,tue,328,2,0,nonexistent,1.1,93.994,-36.4,4.857,5191.0,0,0
60,unknown,married,university.degree,no,yes,no,telephone,jun,mon,112,1,0,nonexistent,1.4,94.465,-41.8,4.961,5228.1,0,0
34,admin.,married,high.school,no,yes,no,cellular,aug,tue,228,5,0,nonexistent,1.4,93.444,-36.1,4.966,5228.1,0,0
30,blue-collar,single,basic.4y,unknown,no,no,telephone,jun,mon,882,1,0,nonexistent,1.4,94.465,-41.8,4.961,5228.1,0,1
54,admin.,married,basic.9y,no,no,no,cellular,nov,mon,238,1,0,nonexistent,-0.1,93.2,-42.0,4.191,5195.8,0,0
37,housemaid,married,university.degree,unknown,no,yes,cellular,aug,mon,103,2,0,nonexistent,1.4,93.444,-36.1,4.965,5228.1,0,0
37,services,single,university.degree,no,no,no,telephone,jun,fri,160,1,0,nonexistent,1.4,94.465,-41.8,4.959,5228.1,0,0
37,self-employed,married,high.school,no,no,no,telephone,may,fri,833,8,0,nonexistent,1.1,93.994,-36.4,4.864,5191.0,0,0
52,services,married,high.school,unknown,yes,no,telephone,may,mon,967,6,0,nonexistent,1.1,93.994,-36.4,4.858,5191.0,0,1
43,technician,divorced,professional.course,unknown,yes,no,telephone,apr,mon,18,5,1,failure,-1.8,93.075,-47.1,1.405,5099.1,0,0
36,blue-collar,married,basic.9y,no,yes,yes,telephone,may,fri,95,1,0,nonexistent,1.1,93.994,-36.4,4.857,5191.0,0,0
33,blue-collar,divorced,basic.4y,no,yes,no,cellular,aug,tue,395,1,0,nonexistent,-2.9,92.201,-31.4,0.859,5076.2,0,1
40,services,married,basic.6y,unknown,no,no,telephone,jun,fri,11,11,0,nonexistent,1.4,94.465,-41.8,4.959,5228.1,0,0
32,admin.,single,university.degree,no,yes,no,cellular,apr,thu,495,1,0,nonexistent,-1.8,93.075,-47.1,1.41,5099.1,0,1
47,housemaid,married,basic.4y,unknown,no,no,cellular,jul,mon,71,3,0,nonexistent,1.4,93.918,-42.7,4.962,5228.1,0,0
29,services,single,university.degree,unknown,yes,no,telephone,may,mon,78,1,0,nonexistent,1.1,93.994,-36.4,4.858,5191.0,0,0
33,entrepreneur,married,professional.course,no,yes,no,cellular,jul,wed,157,2,0,nonexistent,1.4,93.918,-42.7,4.957,5228.1,0,0
26,admin.,single,university.degree,no,yes,yes,cellular,apr,tue,295,4,2,success,-1.8,93.749,-34.6,0.644,5008.7,1,1
32,services,married,high.school,unknown,yes,no,cellular,may,mon,126,1,0,nonexistent,-1.8,92.893,-46.2,1.244,5099.1,0,0
27,unemployed,married,high.school,no,yes,no,telephone,jun,fri,23,13,0,nonexistent,1.4,94.465,-41.8,4.959,5228.1,0,0
31,unemployed,married,basic.9y,no,no,no,cellular,may,wed,570,1,0,nonexistent,-1.8,92.893,-46.2,1.281,5099.1,0,1
57,admin.,divorced,university.degree,unknown,yes,yes,cellular,jul,tue,816,6,0,nonexistent,1.4,93.918,-42.7,4.961,5228.1,0,1
34,blue-collar,married,basic.6y,no,yes,no,telephone,jul,thu,93,1,0,nonexistent,1.4,93.918,-42.7,4.966,5228.1,0,0
31,services,divorced,high.school,no,no,no,telephone,nov,mon,107,2,0,nonexistent,-0.1,93.2,-42.0,4.191,5195.8,0,0
36,admin.,divorced,high.school,no,no,no,cellular,jul,wed,1960,3,0,nonexistent,1.4,93.918,-42.7,4.963,5228.1,0,1
34,entrepreneur,married,basic.6y,no,yes,no,cellular,may,thu,210,2,1,failure,-1.8,92.893,-46.2,1.266,5099.1,0,0
31,self-employed,divorced,basic.9y,no,yes,no,cellular,may,fri,12,10,1,failure,-1.8,92.893,-46.2,1.25,5099.1,0,0
54,management,married,university.degree,no,no,yes,cellular,aug,wed,990,1,0,nonexistent,1.4,93.444,-36.1,4.965,5228.1,0,1
31,admin.,married,university.degree,no,yes,no,cellular,may,wed,954,2,1,success,-1.8,92.893,-46.2,1.281,5099.1,1,1
39,admin.,single,high.school,no,no,no,telephone,jul,thu,108,1,0,nonexistent,1.4,93.918,-42.7,4.966,5228.1,0,0
56,admin.,divorced,unknown,no,yes,no,telephone,jul,fri,353,2,0,nonexistent,-2.9,92.469,-33.6,1.059,5076.2,0,1
31,admin.,single,university.degree,no,yes,no,cellular,nov,wed,404,1,5,success,-1.1,94.767,-50.8,1.048,4963.6,1,1
55,admin.,divorced,university.degree,no,no,no,telephone,may,thu,370,1,0,nonexistent,1.1,93.994,-36.4,4.86,5191.0,0,0
31,blue-collar,married,basic.9y,no,yes,yes,cellular,jul,wed,520,1,0,nonexistent,1.4,93.918,-42.7,4.957,5228.1,0,0
30,student,single,high.school,no,no,no,cellular,aug,tue,592,3,1,failure,-1.7,94.027,-38.3,0.899,4991.6,0,1
40,services,married,high.school,unknown,yes,no,telephone,may,wed,248,2,0,nonexistent,1.1,93.994,-36.4,4.859,5191.0,0,0
32,unemployed,single,university.degree,no,no,no,cellular,apr,wed,110,1,0,nonexistent,-1.8,93.075,-47.1,1.415,5099.1,0,1
37,services,married,high.school,unknown,no,no,telephone,jun,thu,106,2,0,nonexistent,1.4,94.465,-41.8,4.866,5228.1,0,0
31,admin.,single,university.degree,no,yes,no,telephone,may,fri,569,3,0,nonexistent,1.1,93.994,-36.4,4.857,5191.0,0,0
46,services,married,high.school,no,no,no,cellular,jul,thu,92,1,0,nonexistent,1.4,93.918,-42.7,4.968,5228.1,0,0
34,admin.,divorced,university.degree,no,no,no,cellular,nov,thu,493,2,1,failure,-0.1,93.2,-42.0,4.076,5195.8,0,1
34,admin.,single,university.degree,no,yes,yes,cellular,mar,tue,295,1,0,nonexistent,-1.8,93.369,-34.8,0.652,5008.7,0,1
39,admin.,married,basic.9y,no,no,no,telephone,may,fri,127,1,0,nonexistent,1.1,93.994,-36.4,4.855,5191.0,0,0
32,technician,married,university.degree,no,no,no,telephone,sep,wed,994,3,0,nonexistent,-3.4,92.379,-29.8,0.768,5017.5,0,0
24,student,single,unknown,no,yes,yes,cellular,aug,fri,744,1,2,success,-2.9,92.201,-31.4,0.849,5076.2,1,1
46,admin.,married,university.degree,no,no,no,cellular,mar,tue,269,3,0,nonexistent,-1.8,92.843,-50.0,1.556,5099.1,0,1
59,admin.,divorced,basic.4y,no,yes,no,cellular,may,wed,193,1,0,nonexistent,-1.8,93.876,-40.0,0.682,5008.7,0,1
33,management,single,university.degree,no,yes,no,cellular,jul,fri,415,2,0,nonexistent,1.4,93.918,-42.7,4.957,5228.1,0,1
30,technician,single,professional.course,no,yes,no,cellular,may,thu,691,1,0,nonexistent,-1.8,92.893,-46.2,1.266,5099.1,0,1
28,admin.,married,high.school,no,yes,no,telephone,jun,mon,267,10,0,nonexistent,1.4,94.465,-41.8,4.865,5228.1,0,0
42,blue-collar,married,basic.4y,no,no,no,telephone,may,tue,135,1,0,nonexistent,1.1,93.994,-36.4,4.856,5191.0,0,0
41,services,single,high.school,no,yes,yes,cellular,apr,wed,264,2,0,nonexistent,-1.8,93.075,-47.1,1.415,5099.1,0,1
32,admin.,married,university.degree,no,no,yes,cellular,jun,thu,327,3,1,success,-2.9,92.963,-40.8,1.26,5076.2,1,1
58,unemployed,married,university.degree,no,yes,no,cellular,nov,thu,344,2,0,nonexistent,-1.1,94.767,-50.8,1.041,4963.6,0,1
34,technician,single,university.degree,no,no,no,cellular,may,tue,882,1,0,nonexistent,-1.8,92.893,-46.2,1.291,5099.1,0,1
57,services,married,high.school,unknown,yes,no,cellular,may,wed,76,7,2,success,-1.8,92.893,-46.2,1.281,5099.1,1,0
53,housemaid,married,university.degree,no,yes,no,cellular,apr,thu,494,1,1,success,-1.8,93.749,-34.6,0.644,5008.7,1,1
40,management,single,university.degree,no,no,no,cellular,nov,thu,549,1,0,nonexistent,-0.1,93.2,-42.0,4.076,5195.8,0,1
56,management,married,basic.6y,no,yes,no,cellular,jun,tue,910,1,2,success,-1.7,94.055,-39.8,0.723,4991.6,1,1
37,unemployed,married,university.degree,unknown,no,no,telephone,jun,mon,198,1,0,nonexistent,-1.7,94.055,-39.8,0.754,4991.6,0,1
76,retired,married,basic.4y,no,yes,no,cellular,sep,wed,259,2,1,success,-3.4,92.379,-29.8,0.781,5017.5,1,1
32,admin.,single,university.degree,no,no,no,cellular,aug,thu,59,2,0,nonexistent,1.4,93.444,-36.1,4.964,5228.1,0,0
50,admin.,divorced,university.degree,no,no,no,cellular,aug,tue,323,4,0,nonexistent,1.4,93.444,-36.1,4.963,5228.1,0,0
42,unemployed,married,unknown,no,no,no,cellular,aug,thu,175,4,0,nonexistent,-2.9,92.201,-31.4,0.883,5076.2,0,1
40,technician,single,professional.course,no,yes,no,cellular,aug,wed,142,1,0,nonexistent,1.4,93.444,-36.1,4.964,5228.1,0,0
31,technician,single,professional.course,no,unknown,unknown,cellular,oct,thu,212,2,0,nonexistent,-1.1,94.601,-49.5,1.025,4963.6,0,1
38,admin.,married,high.school,no,yes,no,cellular,nov,tue,67,2,0,nonexistent,-0.1,93.2,-42.0,4.153,5195.8,0,0
37,technician,single,professional.course,no,yes,no,cellular,aug,thu,115,1,0,nonexistent,1.4,93.444,-36.1,4.963,5228.1,0,0
31,services,married,professional.course,unknown,yes,no,cellular,aug,thu,133,5,0,nonexistent,1.4,93.444,-36.1,4.968,5228.1,0,0
29,admin.,married,high.school,no,yes,no,cellular,may,mon,112,4,1,failure,-1.8,92.893,-46.2,1.244,5099.1,0,0
84,retired,married,high.school,no,no,no,cellular,dec,tue,351,1,0,nonexistent,-3.0,92.713,-33.0,0.715,5023.5,0,1
37,management,married,unknown,no,yes,no,cellular,jul,tue,70,9,0,nonexistent,1.4,93.918,-42.7,4.961,5228.1,0,0
53,self-employed,married,basic.4y,unknown,yes,no,cellular,may,mon,145,2,1,failure,-1.8,92.893,-46.2,1.299,5099.1,0,0
54,technician,married,professional.course,unknown,yes,no,cellular,aug,tue,70,1,0,nonexistent,1.4,93.444,-36.1,4.963,5228.1,0,0
38,admin.,married,basic.6y,no,no,no,cellular,jul,thu,18,6,0,nonexistent,1.4,93.918,-42.7,4.968,5228.1,0,0
34,admin.,married,university.degree,no,yes,no,cellular,nov,wed,157,1,0,nonexistent,-0.1,93.2,-42.0,4.12,5195.8,0,0
38,technician,single,professional.course,unknown,unknown,unknown,telephone,may,wed,159,2,0,nonexistent,1.1,93.994,-36.4,4.859,5191.0,0,0
31,blue-collar,married,basic.6y,no,yes,no,telephone,may,tue,774,1,0,nonexistent,1.1,93.994,-36.4,4.856,5191.0,0,0
72,retired,married,professional.course,no,yes,no,telephone,nov,wed,93,2,0,nonexistent,-3.4,92.649,-30.1,0.715,5017.5,0,0
31,technician,married,high.school,no,no,yes,cellular,nov,tue,67,1,0,nonexistent,-0.1,93.2,-42.0,4.153,5195.8,0,0
53,admin.,married,high.school,no,no,no,cellular,jul,tue,964,1,1,failure,-2.9,92.469,-33.6,1.044,5076.2,0,1
58,retired,married,high.school,no,no,no,cellular,aug,tue,130,2,0,nonexistent,-2.9,92.201,-31.4,0.838,5076.2,0,1
35,unknown,single,basic.4y,unknown,yes,yes,telephone,may,mon,374,6,0,nonexistent,1.1,93.994,-36.4,4.858,5191.0,0,0
83,retired,married,university.degree,no,yes,no,cellular,jul,tue,178,1,2,success,-1.7,94.215,-40.3,0.835,4991.6,1,1
31,technician,divorced,university.degree,no,no,no,cellular,may,wed,175,3,3,success,-1.8,93.876,-40.0,0.697,5008.7,1,1
35,admin.,single,university.degree,no,yes,no,cellular,may,fri,662,1,1,success,-1.8,92.893,-46.2,1.313,5099.1,1,1
33,blue-collar,single,basic.4y,no,yes,yes,cellular,apr,thu,460,1,0,nonexistent,-1.8,93.075,-47.1,1.365,5099.1,0,1
31,student,single,unknown,no,no,no,cellular,may,thu,243,2,1,failure,-1.8,93.876,-40.0,0.677,5008.7,0,1
49,entrepreneur,married,university.degree,unknown,yes,no,telephone,may,mon,1042,1,0,nonexistent,1.1,93.994,-36.4,4.857,5191.0,0,1
58,admin.,married,university.degree,no,yes,no,cellular,aug,fri,124,2,0,nonexistent,1.4,93.444,-36.1,4.966,5228.1,0,0
33,technician,single,professional.course,no,yes,no,cellular,may,wed,519,2,2,failure,-1.8,92.893,-46.2,1.334,5099.1,0,1
29,services,single,high.school,no,yes,yes,cellular,jun,wed,431,2,2,failure,-2.9,92.963,-40.8,1.26,5076.2,0,1
40,admin.,married,university.degree,no,no,no,cellular,apr,thu,815,1,0,nonexistent,-1.8,93.075,-47.1,1.365,5099.1,0,1
33,admin.,single,university.degree,no,no,no,cellular,oct,thu,441,5,1,failure,-3.4,92.431,-26.9,0.74,5017.5,0,1
38,blue-collar,married,high.school,unknown,yes,no,cellular,may,thu,152,2,0,nonexistent,-1.8,92.893,-46.2,1.266,5099.1,0,0
43,management,married,university.degree,no,unknown,unknown,telephone,may,mon,193,3,0,nonexistent,1.1,93.994,-36.4,4.858,5191.0,0,0
27,admin.,married,university.degree,no,no,yes,telephone,may,mon,86,1,1,failure,-1.8,92.893,-46.2,1.264,5099.1,0,0
31,entrepreneur,single,university.degree,no,yes,no,cellular,may,thu,633,1,0,nonexistent,-1.8,92.893,-46.2,1.266,5099.1,0,1
28,blue-collar,single,high.school,no,yes,yes,cellular,apr,thu,268,1,0,nonexistent,-1.8,93.075,-47.1,1.483,5099.1,0,1
39,technician,married,university.degree,no,no,yes,cellular,jun,tue,434,2,1,failure,-1.7,94.055,-39.8,0.702,4991.6,0,1
44,services,married,high.school,unknown,yes,no,cellular,aug,tue,157,3,0,nonexistent,1.4,93.444,-36.1,4.966,5228.1,0,0
30,blue-collar,married,basic.6y,no,yes,yes,cellular,may,mon,429,2,0,nonexistent,-1.8,92.893,-46.2,1.299,5099.1,0,0
30,services,single,high.school,no,no,yes,cellular,jul,wed,237,1,0,nonexistent,1.4,93.918,-42.7,4.963,5228.1,0,0
36,technician,single,professional.course,no,yes,no,cellular,may,mon,196,2,0,nonexistent,-1.8,92.893,-46.2,1.299,5099.1,0,0
29,admin.,married,high.school,no,yes,no,cellular,jun,mon,263,1,0,nonexistent,-2.9,92.963,-40.8,1.266,5076.2,0,1
71,retired,married,basic.4y,no,yes,no,cellular,sep,tue,206,1,0,nonexistent,-3.4,92.379,-29.8,0.788,5017.5,0,1
30,services,married,professional.course,unknown,yes,no,telephone,may,wed,263,1,0,nonexistent,1.1,93.994,-36.4,4.856,5191.0,0,0
35,technician,single,professional.course,unknown,no,no,telephone,may,wed,198,2,0,nonexistent,1.1,93.994,-36.4,4.857,5191.0,0,0
59,admin.,divorced,professional.course,no,yes,no,telephone,aug,tue,91,1,1,failure,-2.9,92.201,-31.4,0.883,5076.2,0,0
52,housemaid,married,university.degree,no,yes,no,cellular,aug,thu,91,15,0,nonexistent,1.4,93.444,-36.1,4.963,5228.1,0,0
45,housemaid,single,basic.4y,no,no,no,telephone,sep,mon,569,4,0,nonexistent,-3.4,92.379,-29.8,0.797,5017.5,0,1
32,admin.,divorced,high.school,no,yes,no,telephone,may,thu,241,23,0,nonexistent,1.1,93.994,-36.4,4.86,5191.0,0,0
28,admin.,married,university.degree,no,no,no,telephone,may,fri,161,3,0,nonexistent,1.1,93.994,-36.4,4.859,5191.0,0,0
57,admin.,married,university.degree,unknown,yes,no,cellular,aug,thu,74,1,0,nonexistent,1.4,93.444,-36.1,4.968,5228.1,0,0
35,self-employed,single,university.degree,no,yes,no,cellular,jul,wed,2122,1,0,nonexistent,1.4,93.918,-42.7,4.962,5228.1,0,1
20,blue-collar,single,basic.9y,unknown,yes,no,cellular,may,thu,42,7,0,nonexistent,-1.8,92.893,-46.2,1.266,5099.1,0,0
34,admin.,single,high.school,no,no,no,telephone,jun,fri,267,3,0,nonexistent,1.4,94.465,-41.8,4.959,5228.1,0,0
26,student,single,basic.9y,no,yes,no,cellular,mar,mon,1447,2,0,nonexistent,-1.8,92.843,-50.0,1.811,5099.1,0,1
26,student,single,university.degree,no,no,no,cellular,nov,fri,181,1,1,success,-3.4,92.649,-30.1,0.714,5017.5,1,1
31,admin.,married,high.school,no,yes,no,cellular,may,wed,476,1,0,nonexistent,-1.8,92.893,-46.2,1.281,5099.1,0,1
45,technician,divorced,professional.course,no,yes,yes,cellular,nov,thu,705,1,0,nonexistent,-0.1,93.2,-42.0,4.076,5195.8,0,1
34,entrepreneur,married,university.degree,no,yes,yes,telephone,apr,fri,130,1,0,nonexistent,-1.8,93.075,-47.1,1.405,5099.1,0,1
48,blue-collar,married,basic.9y,no,yes,no,cellular,may,tue,268,1,3,success,-1.8,93.876,-40.0,0.668,5008.7,1,1
32,blue-collar,divorced,basic.9y,no,no,no,telephone,may,mon,287,1,0,nonexistent,1.1,93.994,-36.4,4.858,5191.0,0,0
24,services,single,high.school,no,yes,no,telephone,jun,mon,468,8,0,nonexistent,1.4,94.465,-41.8,4.865,5228.1,0,0
29,admin.,single,university.degree,no,yes,no,cellular,jul,wed,77,6,0,nonexistent,1.4,93.918,-42.7,4.957,5228.1,0,0
62,admin.,married,high.school,no,no,no,telephone,mar,mon,163,2,0,nonexistent,-1.8,92.843,-50.0,1.52,5099.1,0,1
42,blue-collar,divorced,basic.4y,no,yes,yes,telephone,may,wed,738,1,0,nonexistent,1.1,93.994,-36.4,4.857,5191.0,0,0
49,admin.,divorced,high.school,no,yes,no,telephone,jun,fri,115,20,0,nonexistent,1.4,94.465,-41.8,4.959,5228.1,0,0
51,retired,married,university.degree,unknown,no,no,cellular,jul,thu,110,3,0,nonexistent,1.4,93.918,-42.7,4.968,5228.1,0,0
49,blue-collar,married,basic.4y,unknown,yes,yes,telephone,may,fri,35,1,0,nonexistent,1.1,93.994,-36.4,4.864,5191.0,0,0
47,services,married,high.school,no,no,no,telephone,jun,fri,341,2,0,nonexistent,1.4,94.465,-41.8,4.967,5228.1,0,0
47,admin.,divorced,high.school,no,yes,no,telephone,jun,thu,1224,1,0,nonexistent,1.4,94.465,-41.8,4.961,5228.1,0,1
52,management,married,university.degree,no,yes,no,cellular,nov,wed,783,3,0,nonexistent,-0.1,93.2,-42.0,4.12,5195.8,0,1
40,admin.,single,high.school,no,yes,no,cellular,jun,tue,145,1,0,nonexistent,-2.9,92.963,-40.8,1.262,5076.2,0,1
46,blue-collar,married,basic.4y,unknown,no,no,cellular,aug,tue,83,2,0,nonexistent,1.4,93.444,-36.1,4.966,5228.1,0,0
44,blue-collar,married,professional.course,no,no,no,telephone,jun,mon,63,1,0,nonexistent,1.4,94.465,-41.8,4.961,5228.1,0,0
27,admin.,single,high.school,no,yes,no,telephone,jul,thu,14,23,0,nonexistent,1.4,93.918,-42.7,4.968,5228.1,0,0
44,services,divorced,basic.9y,no,yes,no,telephone,jul,tue,62,5,0,nonexistent,1.4,93.918,-42.7,4.961,5228.1,0,0
50,blue-collar,married,basic.4y,no,no,no,telephone,aug,tue,39,3,0,nonexistent,1.4,93.444,-36.1,4.965,5228.1,0,0
19,student,single,basic.6y,no,yes,no,cellular,sep,thu,161,2,4,success,-1.1,94.199,-37.5,0.879,4963.6,1,1
43,admin.,divorced,high.school,no,no,no,cellular,jul,wed,764,4,0,nonexistent,1.4,93.918,-42.7,4.963,5228.1,0,1
34,admin.,single,university.degree,no,no,no,cellular,sep,fri,260,3,2,success,-3.4,92.379,-29.8,0.773,5017.5,1,1
38,management,married,unknown,no,no,no,cellular,may,thu,155,1,1,failure,-1.8,92.893,-46.2,1.327,5099.1,0,0
47,technician,married,professional.course,no,yes,no,cellular,aug,wed,49,1,0,nonexistent,1.4,93.444,-36.1,4.964,5228.1,0,0
28,admin.,single,high.school,no,no,no,cellular,jul,thu,720,2,0,nonexistent,1.4,93.918,-42.7,4.963,5228.1,0,1
30,admin.,single,university.degree,no,no,no,cellular,nov,tue,266,2,2,failure,-3.4,92.649,-30.1,0.715,5017.5,0,1
37,blue-collar,married,high.school,no,no,no,telephone,may,fri,1236,2,0,nonexistent,1.1,93.994,-36.4,4.864,5191.0,0,1
54,retired,married,professional.course,unknown,no,no,cellular,aug,tue,95,2,0,nonexistent,-2.9,92.201,-31.4,0.838,5076.2,0,1
31,admin.,married,university.degree,unknown,no,no,telephone,may,wed,168,1,0,nonexistent,1.1,93.994,-36.4,4.856,5191.0,0,0
36,admin.,married,university.degree,no,yes,yes,cellular,jul,mon,1669,2,0,nonexistent,1.4,93.918,-42.7,4.962,5228.1,0,1
44,technician,married,university.degree,no,no,no,cellular,jun,wed,874,2,1,failure,-1.7,94.055,-39.8,0.715,4991.6,0,1
29,services,married,high.school,no,yes,yes,telephone,may,thu,286,2,0,nonexistent,1.1,93.994,-36.4,4.86,5191.0,0,0
70,retired,divorced,high.school,no,yes,no,telephone,may,wed,283,2,2,success,-1.8,93.876,-40.0,0.697,5008.7,1,1
33,technician,single,professional.course,no,no,no,cellular,nov,tue,125,2,0,nonexistent,-0.1,93.2,-42.0,4.153,5195.8,0,0
27,admin.,divorced,high.school,no,yes,no,cellular,may,mon,166,4,0,nonexistent,-1.8,92.893,-46.2,1.244,5099.1,0,0
51,technician,married,professional.course,no,no,yes,telephone,jun,mon,147,1,0,nonexistent,1.4,94.465,-41.8,4.865,5228.1,0,0
34,technician,single,professional.course,no,no,yes,cellular,jul,tue,955,5,0,nonexistent,1.4,93.918,-42.7,4.961,5228.1,0,1
47,blue-collar,single,basic.9y,unknown,yes,no,cellular,apr,mon,68,2,0,nonexistent,-1.8,93.075,-47.1,1.405,5099.1,0,0
34,admin.,single,university.degree,no,yes,no,cellular,aug,thu,419,3,0,nonexistent,1.4,93.444,-36.1,4.968,5228.1,0,0
79,retired,married,basic.4y,no,no,yes,cellular,nov,tue,301,2,1,success,-3.4,92.649,-30.1,0.715,5017.5,1,1
30,admin.,single,university.degree,no,no,no,cellular,jul,mon,106,3,0,nonexistent,1.4,93.918,-42.7,4.96,5228.1,0,0
30,services,married,university.degree,no,no,no,telephone,may,tue,143,8,0,nonexistent,1.1,93.994,-36.4,4.857,5191.0,0,0
84,retired,divorced,unknown,unknown,no,no,cellular,sep,tue,333,1,2,success,-1.1,94.199,-37.5,0.877,4963.6,1,1
34,technician,single,university.degree,no,no,no,cellular,oct,fri,144,1,0,nonexistent,-3.4,92.431,-26.9,0.72,5017.5,0,1
33,blue-collar,single,basic.6y,unknown,no,no,cellular,may,wed,163,1,0,nonexistent,-1.8,92.893,-46.2,1.281,5099.1,0,0
51,technician,married,unknown,no,no,no,cellular,nov,mon,324,1,1,failure,-0.1,93.2,-42.0,4.191,5195.8,0,0
25,services,single,high.school,no,yes,no,cellular,oct,thu,260,2,0,nonexistent,-3.4,92.431,-26.9,0.733,5017.5,0,1
24,technician,single,high.school,no,yes,no,cellular,may,mon,841,4,0,nonexistent,-1.8,92.893,-46.2,1.354,5099.1,0,1
36,technician,married,professional.course,no,yes,no,cellular,may,wed,62,1,0,nonexistent,-1.8,92.893,-46.2,1.334,5099.1,0,0
65,retired,married,professional.course,no,yes,no,cellular,aug,tue,261,1,3,success,-1.7,94.027,-38.3,0.904,4991.6,1,1
35,retired,married,basic.4y,unknown,no,no,cellular,jul,thu,408,14,0,nonexistent,1.4,93.918,-42.7,4.962,5228.1,0,0
34,technician,single,professional.course,no,no,no,cellular,aug,wed,211,1,0,nonexistent,-2.9,92.201,-31.4,0.884,5076.2,0,1
49,management,married,university.degree,no,no,no,cellular,jul,mon,549,3,0,nonexistent,1.4,93.918,-42.7,4.962,5228.1,0,0
29,admin.,single,university.degree,no,no,no,cellular,aug,fri,289,2,0,nonexistent,-2.9,92.201,-31.4,0.881,5076.2,0,1
39,blue-collar,married,basic.6y,no,no,yes,cellular,may,wed,223,2,1,failure,-1.8,92.893,-46.2,1.281,5099.1,0,0
33,unemployed,married,high.school,no,yes,yes,cellular,oct,tue,301,2,0,nonexistent,-3.4,92.431,-26.9,0.742,5017.5,0,1
40,admin.,married,high.school,no,yes,no,cellular,apr,thu,160,1,0,nonexistent,-1.8,93.075,-47.1,1.365,5099.1,0,0
71,retired,married,unknown,no,yes,yes,cellular,dec,thu,182,1,1,failure,-3.0,92.713,-33.0,0.714,5023.5,0,0
52,services,unknown,professional.course,no,yes,no,telephone,jun,fri,7,2,0,nonexistent,1.4,94.465,-41.8,4.959,5228.1,0,0
30,admin.,single,university.degree,no,no,no,cellular,apr,thu,662,1,0,nonexistent,-1.8,93.075,-47.1,1.365,5099.1,0,1
27,technician,single,professional.course,no,no,no,cellular,apr,wed,72,1,0,nonexistent,-1.8,93.075,-47.1,1.415,5099.1,0,0
46,admin.,single,high.school,no,unknown,unknown,telephone,may,thu,257,1,0,nonexistent,1.1,93.994,-36.4,4.86,5191.0,0,0
36,admin.,single,university.degree,no,yes,no,cellular,nov,wed,565,1,1,failure,-0.1,93.2,-42.0,4.12,5195.8,0,0
57,blue-collar,married,basic.4y,unknown,no,no,telephone,jun,thu,452,1,0,nonexistent,1.4,94.465,-41.8,4.866,5228.1,0,0
45,blue-collar,married,basic.4y,no,yes,no,telephone,may,wed,144,1,0,nonexistent,1.1,93.994,-36.4,4.859,5191.0,0,0
33,technician,married,professional.course,no,yes,no,telephone,aug,fri,58,1,0,nonexistent,1.4,93.444,-36.1,4.963,5228.1,0,0
38,technician,married,university.degree,no,no,no,cellular,dec,wed,415,1,2,failure,-3.0,92.713,-33.0,0.721,5023.5,0,1
39,management,single,university.degree,no,yes,no,cellular,nov,fri,239,2,2,success,-3.4,92.649,-30.1,0.714,5017.5,1,1
77,retired,divorced,unknown,no,yes,no,cellular,mar,tue,178,1,0,nonexistent,-1.8,92.843,-50.0,1.614,5099.1,0,1
36,admin.,single,high.school,no,unknown,unknown,cellular,dec,mon,480,1,1,failure,-3.0,92.713,-33.0,0.717,5023.5,0,1
50,blue-collar,married,basic.4y,no,yes,no,cellular,apr,fri,100,3,0,nonexistent,-1.8,93.075,-47.1,1.479,5099.1,0,0
30,technician,single,professional.course,no,no,no,telephone,may,tue,34,4,0,nonexistent,-1.8,92.893,-46.2,1.291,5099.1,0,0
48,blue-collar,married,professional.course,no,yes,yes,telephone,may,tue,231,1,0,nonexistent,1.1,93.994,-36.4,4.857,5191.0,0,0
37,self-employed,married,professional.course,no,yes,yes,cellular,nov,mon,1024,1,1,success,-3.4,92.649,-30.1,0.722,5017.5,1,1
31,blue-collar,married,basic.9y,unknown,no,no,telephone,may,thu,173,1,0,nonexistent,1.1,93.994,-36.4,4.86,5191.0,0,0
50,admin.,married,university.degree,no,yes,no,cellular,dec,tue,410,3,0,nonexistent,-3.0,92.713,-33.0,0.708,5023.5,0,1
31,admin.,married,university.degree,no,no,no,telephone,apr,wed,118,3,0,nonexistent,-1.8,93.075,-47.1,1.415,5099.1,0,1
36,technician,married,high.school,no,yes,no,telephone,jun,wed,158,2,0,nonexistent,1.4,94.465,-41.8,4.959,5228.1,0,0
41,blue-collar,married,professional.course,no,no,no,telephone,may,thu,53,3,0,nonexistent,1.1,93.994,-36.4,4.86,5191.0,0,0
58,self-employed,married,university.degree,no,no,no,cellular,nov,wed,1092,1,0,nonexistent,-3.4,92.649,-30.1,0.716,5017.5,0,0
41,blue-collar,married,basic.6y,no,yes,yes,cellular,apr,tue,608,2,0,nonexistent,-1.8,93.075,-47.1,1.423,5099.1,0,0
29,admin.,single,professional.course,no,yes,no,cellular,may,tue,788,2,0,nonexistent,-1.8,92.893,-46.2,1.291,5099.1,0,0
58,management,divorced,university.degree,no,no,no,cellular,nov,wed,418,1,1,success,-0.1,93.2,-42.0,4.12,5195.8,1,1
53,blue-collar,married,basic.6y,no,no,no,cellular,jun,thu,592,3,1,failure,-2.9,92.963,-40.8,1.26,5076.2,0,1
39,admin.,single,university.degree,no,yes,no,telephone,mar,mon,229,1,1,failure,-1.8,93.369,-34.8,0.655,5008.7,0,1
57,admin.,divorced,unknown,unknown,no,no,telephone,jun,tue,604,1,0,nonexistent,1.4,94.465,-41.8,4.864,5228.1,0,0
27,admin.,married,university.degree,no,no,no,telephone,may,wed,191,5,0,nonexistent,1.1,93.994,-36.4,4.857,5191.0,0,0
57,entrepreneur,married,basic.9y,no,yes,no,cellular,may,mon,429,4,1,failure,-1.8,92.893,-46.2,1.354,5099.1,0,1
38,technician,married,university.degree,no,yes,no,cellular,jun,wed,273,1,0,nonexistent,-2.9,92.963,-40.8,1.26,5076.2,0,0
38,technician,married,professional.course,unknown,yes,no,cellular,aug,tue,134,1,0,nonexistent,1.4,93.444,-36.1,4.963,5228.1,0,0
27,technician,single,university.degree,no,no,yes,cellular,nov,wed,342,1,0,nonexistent,-3.4,92.649,-30.1,0.716,5017.5,0,1
36,technician,married,university.degree,no,no,no,telephone,may,wed,85,1,0,nonexistent,1.1,93.994,-36.4,4.858,5191.0,0,0
60,blue-collar,married,basic.4y,no,yes,no,cellular,aug,thu,187,2,0,nonexistent,-1.7,94.027,-38.3,0.899,4991.6,0,0
53,admin.,divorced,university.degree,no,no,no,cellular,aug,tue,506,1,0,nonexistent,1.4,93.444,-36.1,4.966,5228.1,0,1
34,blue-collar,married,basic.6y,unknown,yes,no,telephone,may,wed,175,2,0,nonexistent,1.1,93.994,-36.4,4.858,5191.0,0,0
37,blue-collar,married,basic.9y,no,yes,no,telephone,may,mon,138,1,0,nonexistent,1.1,93.994,-36.4,4.858,5191.0,0,0
38,unemployed,married,basic.4y,unknown,no,no,cellular,jul,tue,1058,1,0,nonexistent,1.4,93.918,-42.7,4.961,5228.1,0,1
32,blue-collar,single,basic.9y,no,yes,no,cellular,may,tue,286,1,0,nonexistent,-1.8,92.893,-46.2,1.291,5099.1,0,0
47,technician,married,basic.9y,no,no,no,telephone,may,mon,83,3,0,nonexistent,1.1,93.994,-36.4,4.857,5191.0,0,0
48,admin.,married,high.school,no,yes,no,telephone,nov,tue,217,1,0,nonexistent,-0.1,93.2,-42.0,4.7,5195.8,0,0
24,admin.,single,university.degree,no,yes,yes,telephone,oct,thu,97,1,0,nonexistent,-3.4,92.431,-26.9,0.733,5017.5,0,1
33,blue-collar,married,basic.6y,no,no,no,cellular,may,fri,218,4,0,nonexistent,-1.8,92.893,-46.2,1.25,5099.1,0,0
31,management,single,university.degree,no,yes,no,cellular,jul,thu,166,3,0,nonexistent,1.4,93.918,-42.7,4.968,5228.1,0,0
28,self-employed,married,basic.9y,no,yes,no,cellular,may,fri,1111,5,0,nonexistent,-1.8,92.893,-46.2,1.25,5099.1,0,1
29,services,single,unknown,no,yes,no,cellular,apr,thu,1241,5,0,nonexistent,-1.8,93.749,-34.6,0.659,5008.7,0,1
59,retired,married,professional.course,unknown,yes,yes,cellular,jul,mon,494,4,0,nonexistent,1.4,93.918,-42.7,4.96,5228.1,0,1
46,unknown,single,unknown,unknown,yes,no,cellular,dec,mon,1472,1,1,success,-3.0,92.713,-33.0,0.706,5023.5,1,0
29,blue-collar,married,basic.9y,no,yes,no,cellular,may,mon,666,1,0,nonexistent,-1.8,92.893,-46.2,1.299,5099.1,0,1
30,blue-collar,single,professional.course,no,no,no,cellular,aug,wed,293,1,1,success,-1.7,94.027,-38.3,0.9,4991.6,1,1
34,blue-collar,married,basic.4y,unknown,yes,no,telephone,jun,tue,239,8,0,nonexistent,1.4,94.465,-41.8,4.864,5228.1,0,0
30,retired,single,basic.9y,no,no,no,cellular,may,fri,16,8,1,failure,-1.8,92.893,-46.2,1.25,5099.1,0,0
38,entrepreneur,married,professional.course,no,yes,yes,cellular,apr,mon,278,2,1,failure,-1.8,93.075,-47.1,1.466,5099.1,0,0
25,services,single,high.school,no,yes,no,cellular,jun,thu,239,2,1,success,-2.9,92.963,-40.8,1.26,5076.2,1,1
47,blue-collar,married,basic.4y,no,yes,no,telephone,jun,mon,2769,4,0,nonexistent,1.4,94.465,-41.8,4.96,5228.1,0,1
24,student,single,professional.course,no,no,no,cellular,jul,wed,429,2,3,success,-1.7,94.215,-40.3,0.896,4991.6,1,1
24,technician,single,university.degree,no,yes,no,cellular,apr,thu,477,1,0,nonexistent,-1.8,93.075,-47.1,1.365,5099.1,0,1
80,retired,married,basic.4y,unknown,no,no,cellular,mar,mon,95,1,0,nonexistent,-1.8,92.843,-50.0,1.52,5099.1,0,0
46,admin.,married,professional.course,no,no,no,telephone,may,wed,69,1,0,nonexistent,1.1,93.994,-36.4,4.856,5191.0,0,0
82,retired,married,unknown,no,no,no,cellular,apr,wed,321,1,0,nonexistent,-1.8,93.075,-47.1,1.445,5099.1,0,1
59,retired,married,professional.course,no,no,no,telephone,dec,tue,476,1,1,failure,-3.0,92.713,-33.0,0.715,5023.5,0,1
41,admin.,married,university.degree,no,yes,no,telephone,aug,thu,345,1,3,failure,-1.7,94.027,-38.3,0.899,4991.6,1,1
26,student,single,high.school,no,no,no,cellular,may,thu,93,3,0,nonexistent,-1.8,92.893,-46.2,1.27,5099.1,0,0
51,technician,divorced,professional.course,no,yes,yes,cellular,apr,fri,84,1,1,failure,-1.8,93.075,-47.1,1.479,5099.1,0,0
48,blue-collar,married,basic.4y,no,no,no,telephone,jun,fri,470,1,0,nonexistent,1.4,94.465,-41.8,4.959,5228.1,0,0
45,entrepreneur,married,university.degree,unknown,no,no,telephone,jun,wed,262,9,0,nonexistent,1.4,94.465,-41.8,4.962,5228.1,0,0
36,technician,single,professional.course,no,yes,no,cellular,aug,thu,474,1,0,nonexistent,-2.9,92.201,-31.4,0.851,5076.2,0,1
76,unknown,married,unknown,no,no,no,telephone,jul,thu,301,3,0,nonexistent,-1.7,94.215,-40.3,0.899,4991.6,0,1
38,technician,divorced,high.school,unknown,no,no,cellular,aug,wed,190,9,0,nonexistent,1.4,93.444,-36.1,4.964,5228.1,0,0
53,blue-collar,married,basic.4y,unknown,no,no,cellular,jul,fri,93,4,0,nonexistent,1.4,93.918,-42.7,4.957,5228.1,0,0
27,admin.,single,unknown,no,no,no,cellular,mar,tue,128,1,1,success,-1.8,93.369,-34.8,0.637,5008.7,1,1
48,unemployed,married,professional.course,no,yes,no,cellular,sep,mon,315,2,0,nonexistent,-1.1,94.199,-37.5,0.879,4963.6,0,1
24,services,single,professional.course,no,yes,no,cellular,jul,wed,80,1,0,nonexistent,1.4,93.918,-42.7,4.962,5228.1,0,0
39,entrepreneur,married,university.degree,no,no,no,cellular,nov,thu,279,1,0,nonexistent,-0.1,93.2,-42.0,4.076,5195.8,0,0
42,management,married,university.degree,no,no,yes,telephone,jul,tue,650,2,0,nonexistent,1.4,93.918,-42.7,4.955,5228.1,0,1
35,technician,married,professional.course,no,no,no,cellular,aug,tue,441,1,0,nonexistent,-2.9,92.201,-31.4,0.859,5076.2,0,1
56,retired,married,professional.course,no,no,no,cellular,oct,thu,133,1,1,success,-3.4,92.431,-26.9,0.733,5017.5,1,1
83,retired,married,professional.course,no,yes,no,cellular,oct,fri,849,2,1,success,-3.4,92.431,-26.9,0.752,5017.5,1,1
36,management,married,university.degree,no,no,no,cellular,jun,thu,194,1,0,nonexistent,-2.9,92.963,-40.8,1.26,5076.2,0,1
34,admin.,single,university.degree,no,yes,yes,cellular,mar,tue,301,1,2,success,-1.8,93.369,-34.8,0.652,5008.7,1,1
56,housemaid,divorced,professional.course,no,yes,no,cellular,nov,tue,566,1,2,failure,-3.4,92.649,-30.1,0.72,5017.5,1,1
40,admin.,married,high.school,no,yes,no,cellular,aug,tue,105,1,0,nonexistent,1.4,93.444,-36.1,4.963,5228.1,0,0
56,retired,married,basic.4y,no,no,no,cellular,dec,thu,429,1,0,nonexistent,-3.0,92.713,-33.0,0.714,5023.5,0,1
36,admin.,married,university.degree,no,no,no,cellular,apr,tue,108,6,1,failure,-1.8,93.075,-47.1,1.423,5099.1,0,0
32,technician,single,university.degree,no,yes,no,cellular,aug,wed,240,2,0,nonexistent,-2.9,92.201,-31.4,0.854,5076.2,0,1
50,management,divorced,high.school,unknown,no,no,telephone,may,wed,82,7,0,nonexistent,1.1,93.994,-36.4,4.859,5191.0,0,0
50,management,married,university.degree,no,yes,no,cellular,jul,thu,1019,1,0,nonexistent,1.4,93.918,-42.7,4.963,5228.1,0,0
35,admin.,married,university.degree,no,yes,no,telephone,sep,wed,234,1,0,nonexistent,-3.4,92.379,-29.8,0.753,5017.5,0,1
54,management,married,university.degree,no,yes,no,cellular,nov,mon,375,1,0,nonexistent,-0.1,93.2,-42.0,4.191,5195.8,0,0
28,student,single,high.school,no,no,no,cellular,sep,fri,555,2,0,nonexistent,-3.4,92.379,-29.8,0.803,5017.5,0,1
39,management,married,university.degree,no,no,no,telephone,may,mon,431,2,0,nonexistent,1.1,93.994,-36.4,4.857,5191.0,0,1
41,blue-collar,married,unknown,no,yes,no,cellular,nov,fri,663,4,0,nonexistent,-0.1,93.2,-42.0,4.021,5195.8,0,1
34,technician,single,university.degree,no,no,no,cellular,oct,thu,136,1,1,failure,-3.4,92.431,-26.9,0.722,5017.5,0,1
38,blue-collar,married,basic.9y,no,no,yes,telephone,may,mon,159,1,1,failure,-1.8,92.893,-46.2,1.299,5099.1,0,0
55,retired,married,high.school,no,no,no,cellular,may,tue,256,1,0,nonexistent,-1.8,92.893,-46.2,1.266,5099.1,0,0
82,retired,divorced,basic.4y,no,yes,no,cellular,nov,tue,134,2,1,success,-3.4,92.649,-30.1,0.715,5017.5,1,1
56,blue-collar,divorced,basic.9y,no,yes,no,cellular,nov,wed,1265,3,0,nonexistent,-0.1,93.2,-42.0,4.12,5195.8,0,1
28,blue-collar,married,basic.9y,no,yes,no,telephone,jun,thu,130,1,0,nonexistent,1.4,94.465,-41.8,4.961,5228.1,0,0
54,technician,divorced,university.degree,no,unknown,unknown,cellular,dec,mon,164,1,0,nonexistent,-3.0,92.713,-33.0,0.717,5023.5,0,0
54,unemployed,married,high.school,no,yes,no,cellular,dec,wed,346,1,0,nonexistent,-3.0,92.713,-33.0,0.721,5023.5,0,1
41,blue-collar,married,basic.4y,no,yes,no,telephone,jun,fri,262,2,0,nonexistent,1.4,94.465,-41.8,4.959,5228.1,0,0
18,student,single,basic.9y,no,yes,no,cellular,aug,tue,642,1,0,nonexistent,-2.9,92.201,-31.4,0.884,5076.2,0,1
31,admin.,married,high.school,no,yes,yes,telephone,jun,fri,118,4,0,nonexistent,1.4,94.465,-41.8,4.967,5228.1,0,0
45,management,married,university.degree,unknown,no,yes,telephone,jul,fri,355,1,0,nonexistent,1.4,93.918,-42.7,4.959,5228.1,0,0
31,technician,single,high.school,no,yes,yes,cellular,aug,wed,113,2,0,nonexistent,1.4,93.444,-36.1,4.967,5228.1,0,0
25,student,single,high.school,no,no,no,cellular,nov,thu,244,1,0,nonexistent,-1.1,94.767,-50.8,1.041,4963.6,0,1
37,technician,married,high.school,unknown,yes,yes,telephone,aug,mon,144,2,0,nonexistent,1.4,93.444,-36.1,4.965,5228.1,0,0
33,management,single,high.school,no,no,no,telephone,jun,thu,15,1,0,nonexistent,-1.7,94.055,-39.8,0.742,4991.6,0,0
54,services,married,high.school,no,yes,no,cellular,aug,thu,834,9,0,nonexistent,1.4,93.444,-36.1,4.964,5228.1,0,1
38,services,married,high.school,no,yes,no,cellular,mar,thu,257,1,0,nonexistent,-1.8,93.369,-34.8,0.65,5008.7,0,1
47,admin.,married,high.school,no,yes,no,cellular,apr,fri,296,1,1,failure,-1.8,93.749,-34.6,0.645,5008.7,0,1
42,blue-collar,married,basic.4y,unknown,yes,no,telephone,jun,thu,812,1,0,nonexistent,1.4,94.465,-41.8,4.866,5228.1,0,1
41,admin.,married,basic.9y,unknown,no,no,telephone,may,wed,244,6,0,nonexistent,1.1,93.994,-36.4,4.857,5191.0,0,0
51,admin.,married,basic.4y,unknown,yes,no,telephone,may,wed,942,3,0,nonexistent,1.1,93.994,-36.4,4.859,5191.0,0,1
45,unemployed,married,basic.9y,no,no,no,cellular,jun,mon,232,2,0,nonexistent,-2.9,92.963,-40.8,1.266,5076.2,0,1
37,blue-collar,single,basic.9y,unknown,yes,no,telephone,may,wed,591,1,0,nonexistent,1.1,93.994,-36.4,4.856,5191.0,0,1
33,blue-collar,married,basic.9y,unknown,yes,no,cellular,may,thu,449,1,0,nonexistent,-1.8,92.893,-46.2,1.266,5099.1,0,1
43,technician,married,professional.course,unknown,no,no,cellular,aug,tue,926,2,0,nonexistent,1.4,93.444,-36.1,4.966,5228.1,0,1
53,blue-collar,divorced,basic.4y,no,no,no,telephone,jun,wed,706,1,0,nonexistent,1.4,94.465,-41.8,4.959,5228.1,0,1
19,student,single,unknown,no,yes,yes,cellular,apr,tue,278,3,0,nonexistent,-1.8,93.075,-47.1,1.405,5099.1,0,1
29,blue-collar,married,basic.9y,no,no,no,telephone,jun,mon,327,2,0,nonexistent,1.4,94.465,-41.8,4.961,5228.1,0,0
60,retired,married,high.school,no,no,no,cellular,dec,thu,472,1,0,nonexistent,-3.0,92.713,-33.0,0.72,5023.5,0,1
52,services,married,university.degree,no,no,no,telephone,may,fri,132,11,0,nonexistent,1.1,93.994,-36.4,4.859,5191.0,0,0
39,admin.,divorced,university.degree,no,yes,yes,cellular,jul,mon,398,10,1,failure,-1.7,94.215,-40.3,0.827,4991.6,0,1
38,admin.,single,university.degree,no,yes,no,cellular,mar,mon,111,2,0,nonexistent,-1.8,92.843,-50.0,1.811,5099.1,0,1
33,blue-collar,married,basic.9y,unknown,no,no,cellular,may,thu,616,2,0,nonexistent,-1.8,92.893,-46.2,1.266,5099.1,0,1
36,admin.,divorced,university.degree,unknown,yes,no,cellular,aug,mon,58,2,0,nonexistent,1.4,93.444,-36.1,4.963,5228.1,0,0
57,retired,married,basic.6y,no,no,no,cellular,may,tue,148,4,1,failure,-1.8,92.893,-46.2,1.344,5099.1,0,0
31,admin.,single,high.school,no,yes,no,cellular,may,thu,1094,2,0,nonexistent,-1.8,92.893,-46.2,1.266,5099.1,0,1
38,services,divorced,high.school,no,no,no,telephone,may,mon,398,1,0,nonexistent,1.1,93.994,-36.4,4.857,5191.0,0,0
31,technician,single,professional.course,no,yes,no,cellular,apr,mon,170,1,1,failure,-1.8,93.075,-47.1,1.405,5099.1,0,0
52,technician,single,professional.course,no,no,no,telephone,jul,mon,84,1,0,nonexistent,-1.7,94.215,-40.3,0.889,4991.6,0,0
45,blue-collar,married,professional.course,no,yes,no,telephone,may,thu,414,1,2,success,-1.8,93.876,-40.0,0.683,5008.7,1,1
26,technician,single,university.degree,no,yes,no,cellular,dec,tue,296,1,1,success,-3.0,92.713,-33.0,0.707,5023.5,1,1
33,admin.,married,university.degree,no,no,no,cellular,sep,mon,369,3,0,nonexistent,-1.1,94.199,-37.5,0.882,4963.6,0,1
69,retired,married,high.school,no,yes,yes,cellular,sep,wed,840,1,2,success,-1.1,94.199,-37.5,0.886,4963.6,1,1
34,services,married,high.school,no,no,no,telephone,jun,fri,9,14,0,nonexistent,1.4,94.465,-41.8,4.959,5228.1,0,0
25,admin.,single,high.school,no,yes,no,cellular,jul,thu,189,2,0,nonexistent,1.4,93.918,-42.7,4.963,5228.1,0,0
36,services,married,high.school,no,yes,no,cellular,nov,mon,48,2,0,nonexistent,-0.1,93.2,-42.0,4.191,5195.8,0,0
31,technician,married,university.degree,no,yes,yes,cellular,aug,wed,158,2,0,nonexistent,1.4,93.444,-36.1,4.964,5228.1,0,0
33,admin.,single,university.degree,no,yes,no,cellular,may,fri,396,5,0,nonexistent,-1.8,93.876,-40.0,0.684,5008.7,0,1
45,blue-collar,married,basic.9y,no,yes,no,cellular,nov,fri,66,1,1,failure,-0.1,93.2,-42.0,4.021,5195.8,0,0
68,retired,divorced,high.school,no,yes,no,cellular,oct,mon,222,1,0,nonexistent,-1.1,94.601,-49.5,1.0,4963.6,0,1
37,admin.,married,university.degree,no,yes,no,cellular,jul,mon,227,2,0,nonexistent,-2.9,92.469,-33.6,1.048,5076.2,0,1
32,blue-collar,single,basic.4y,no,no,no,cellular,may,wed,902,1,0,nonexistent,-1.8,92.893,-46.2,1.281,5099.1,0,1
28,unemployed,single,high.school,no,no,no,telephone,may,fri,109,1,0,nonexistent,1.1,93.994,-36.4,4.859,5191.0,0,0
34,technician,single,professional.course,no,no,no,cellular,mar,fri,229,1,0,nonexistent,-1.8,92.843,-50.0,1.726,5099.1,0,1
36,technician,single,unknown,no,yes,no,cellular,jul,tue,1046,2,0,nonexistent,1.4,93.918,-42.7,4.962,5228.1,0,0
56,admin.,divorced,unknown,no,no,no,cellular,dec,wed,205,1,0,nonexistent,-3.0,92.713,-33.0,0.715,5023.5,0,0
40,blue-collar,divorced,professional.course,no,no,no,cellular,jun,wed,115,2,1,success,-2.9,92.963,-40.8,1.26,5076.2,1,1
40,blue-collar,married,basic.6y,unknown,yes,no,telephone,may,fri,296,2,0,nonexistent,1.1,93.994,-36.4,4.855,5191.0,0,0
42,blue-collar,married,basic.4y,unknown,no,no,telephone,jun,thu,236,1,0,nonexistent,1.4,94.465,-41.8,4.958,5228.1,0,0
64,retired,married,professional.course,no,no,no,cellular,aug,tue,482,1,0,nonexistent,-1.7,94.027,-38.3,0.899,4991.6,0,1
81,retired,married,basic.4y,no,no,no,cellular,may,mon,617,2,0,nonexistent,-1.8,92.893,-46.2,1.354,5099.1,0,1
37,services,married,high.school,no,yes,yes,cellular,oct,fri,608,2,2,failure,-1.1,94.601,-49.5,1.029,4963.6,1,1
38,self-employed,married,basic.9y,no,no,yes,cellular,may,wed,482,2,0,nonexistent,-1.8,92.893,-46.2,1.281,5099.1,0,1
46,admin.,married,high.school,no,no,no,cellular,apr,mon,194,3,0,nonexistent,-1.8,93.749,-34.6,0.645,5008.7,0,1
56,admin.,married,high.school,no,no,no,telephone,jun,fri,489,2,0,nonexistent,1.4,94.465,-41.8,4.959,5228.1,0,0
34,unemployed,single,university.degree,no,no,no,cellular,nov,fri,464,5,1,failure,-3.4,92.649,-30.1,0.716,5017.5,0,1
40,unemployed,single,basic.4y,no,no,no,cellular,jun,tue,459,2,0,nonexistent,-2.9,92.963,-40.8,1.252,5076.2,0,0
50,management,married,university.degree,no,yes,no,telephone,jun,wed,300,1,0,nonexistent,1.4,94.465,-41.8,4.962,5228.1,0,0
33,admin.,single,university.degree,no,no,no,cellular,nov,tue,100,1,1,failure,-0.1,93.2,-42.0,4.153,5195.8,0,0
36,technician,married,high.school,no,no,no,telephone,oct,wed,157,1,0,nonexistent,-0.1,93.798,-40.4,4.936,5195.8,0,1
29,admin.,single,university.degree,no,no,no,cellular,apr,wed,548,2,0,nonexistent,-1.8,93.075,-47.1,1.445,5099.1,0,1
34,technician,married,university.degree,no,no,no,cellular,aug,mon,220,1,0,nonexistent,-2.9,92.201,-31.4,0.861,5076.2,0,1
50,services,married,high.school,no,yes,no,cellular,aug,wed,737,2,0,nonexistent,1.4,93.444,-36.1,4.965,5228.1,0,1
40,admin.,single,high.school,no,yes,no,telephone,may,thu,1047,2,0,nonexistent,1.1,93.994,-36.4,4.86,5191.0,0,1
20,student,single,university.degree,no,yes,no,cellular,jul,fri,1503,11,0,nonexistent,1.4,93.918,-42.7,4.957,5228.1,0,0
60,retired,divorced,professional.course,no,no,no,cellular,jul,mon,131,7,0,nonexistent,1.4,93.918,-42.7,4.962,5228.1,0,0
34,blue-collar,married,basic.9y,no,no,no,cellular,may,mon,248,1,1,failure,-1.8,92.893,-46.2,1.299,5099.1,0,0
39,blue-collar,married,basic.6y,no,yes,no,cellular,may,thu,476,1,0,nonexistent,-1.8,92.893,-46.2,1.327,5099.1,0,1
32,technician,single,university.degree,no,no,no,cellular,jun,mon,1048,1,0,nonexistent,-2.9,92.963,-40.8,1.266,5076.2,0,1
38,blue-collar,married,basic.9y,no,no,no,telephone,jun,fri,693,3,0,nonexistent,1.4,94.465,-41.8,4.959,5228.1,0,1
31,technician,single,high.school,no,yes,yes,cellular,aug,tue,559,2,0,nonexistent,1.4,93.444,-36.1,4.966,5228.1,0,1
38,blue-collar,married,basic.6y,no,no,no,telephone,may,tue,184,1,0,nonexistent,1.1,93.994,-36.4,4.856,5191.0,0,0
57,retired,married,basic.6y,no,yes,no,cellular,may,thu,128,1,0,nonexistent,-1.8,92.893,-46.2,1.327,5099.1,0,0
42,admin.,divorced,university.degree,no,yes,no,cellular,sep,wed,211,1,1,failure,-1.1,94.199,-37.5,0.886,4963.6,0,0
46,technician,married,professional.course,no,yes,no,cellular,nov,mon,110,1,1,failure,-0.1,93.2,-42.0,4.191,5195.8,0,0
55,unknown,married,basic.4y,no,yes,no,cellular,jul,thu,633,7,0,nonexistent,1.4,93.918,-42.7,4.962,5228.1,0,0
23,admin.,single,university.degree,no,no,no,cellular,apr,wed,314,1,1,failure,-1.8,93.075,-47.1,1.405,5099.1,0,1
38,admin.,single,high.school,no,yes,yes,cellular,aug,mon,167,1,0,nonexistent,-2.9,92.201,-31.4,0.884,5076.2,0,1
41,blue-collar,married,basic.4y,unknown,no,no,telephone,may,tue,202,6,0,nonexistent,1.1,93.994,-36.4,4.856,5191.0,0,0
35,admin.,single,high.school,no,no,no,telephone,jun,wed,984,2,0,nonexistent,1.4,94.465,-41.8,4.864,5228.1,0,1
40,services,single,basic.6y,no,no,no,cellular,nov,thu,373,1,0,nonexistent,-0.1,93.2,-42.0,4.076,5195.8,0,0
31,student,single,unknown,no,yes,no,cellular,aug,thu,306,2,0,nonexistent,-1.7,94.027,-38.3,0.904,4991.6,0,1
42,entrepreneur,married,basic.4y,no,yes,yes,cellular,nov,wed,20,4,0,nonexistent,-0.1,93.2,-42.0,4.12,5195.8,0,0
27,services,married,high.school,unknown,no,yes,telephone,may,fri,100,4,0,nonexistent,1.1,93.994,-36.4,4.857,5191.0,0,0
40,blue-collar,single,basic.9y,no,yes,yes,cellular,nov,thu,426,2,0,nonexistent,-0.1,93.2,-42.0,4.076,5195.8,0,0
40,admin.,single,high.school,no,no,yes,telephone,jun,tue,25,1,0,nonexistent,1.4,94.465,-41.8,4.864,5228.1,0,0
36,blue-collar,married,unknown,no,no,no,telephone,may,wed,837,2,0,nonexistent,1.1,93.994,-36.4,4.859,5191.0,0,0
40,services,married,high.school,unknown,no,no,cellular,may,thu,67,1,1,failure,-1.8,92.893,-46.2,1.327,5099.1,0,0
43,unemployed,married,basic.4y,no,no,no,telephone,may,thu,92,1,0,nonexistent,1.1,93.994,-36.4,4.855,5191.0,0,0
48,blue-collar,married,basic.9y,no,yes,no,cellular,aug,mon,597,2,0,nonexistent,1.4,93.444,-36.1,4.97,5228.1,0,0
46,admin.,divorced,university.degree,no,no,no,telephone,may,tue,423,1,0,nonexistent,1.1,93.994,-36.4,4.856,5191.0,0,0
24,services,single,high.school,no,no,no,telephone,may,mon,757,2,0,nonexistent,1.1,93.994,-36.4,4.857,5191.0,0,1
46,management,married,high.school,no,yes,yes,cellular,aug,wed,1456,3,0,nonexistent,1.4,93.444,-36.1,4.967,5228.1,0,1
28,management,single,university.degree,no,no,no,telephone,jun,thu,651,5,0,nonexistent,1.4,94.465,-41.8,4.958,5228.1,0,1
30,admin.,married,university.degree,no,yes,no,cellular,nov,thu,857,3,0,nonexistent,-0.1,93.2,-42.0,4.076,5195.8,0,1
23,blue-collar,single,basic.9y,no,yes,no,cellular,jul,thu,268,5,1,failure,-1.7,94.215,-40.3,0.846,4991.6,0,1
33,technician,single,professional.course,no,no,yes,telephone,jun,fri,241,3,0,nonexistent,1.4,94.465,-41.8,4.959,5228.1,0,0
35,technician,single,professional.course,no,yes,no,cellular,jul,tue,577,6,1,success,-1.7,94.215,-40.3,0.835,4991.6,1,1
27,technician,single,professional.course,no,yes,no,telephone,may,tue,125,1,0,nonexistent,1.1,93.994,-36.4,4.856,5191.0,0,0
34,blue-collar,married,basic.9y,no,no,no,telephone,jun,thu,761,2,0,nonexistent,1.4,94.465,-41.8,4.866,5228.1,0,1
48,services,married,basic.6y,no,no,no,cellular,sep,mon,188,2,0,nonexistent,-1.1,94.199,-37.5,0.879,4963.6,0,1
28,admin.,single,high.school,no,no,no,telephone,oct,wed,958,1,0,nonexistent,-3.4,92.431,-26.9,0.742,5017.5,0,1
47,blue-collar,married,basic.9y,no,unknown,unknown,cellular,jun,tue,380,1,0,nonexistent,-1.7,94.055,-39.8,0.713,4991.6,0,1
24,technician,single,professional.course,no,no,no,cellular,jul,wed,98,2,0,nonexistent,1.4,93.918,-42.7,4.957,5228.1,0,0
28,student,single,basic.9y,no,yes,no,cellular,mar,tue,96,2,0,nonexistent,-1.8,92.843,-50.0,1.799,5099.1,0,1
50,housemaid,married,basic.4y,no,yes,no,telephone,nov,tue,150,2,0,nonexistent,-0.1,93.2,-42.0,4.153,5195.8,0,1
59,technician,divorced,professional.course,no,no,no,cellular,apr,mon,185,1,0,nonexistent,-1.8,93.075,-47.1,1.405,5099.1,0,1
65,retired,married,basic.4y,no,yes,yes,cellular,oct,wed,190,1,3,success,-1.1,94.601,-49.5,0.985,4963.6,1,1
30,technician,single,professional.course,no,unknown,unknown,telephone,sep,tue,808,1,2,failure,-1.1,94.199,-37.5,0.877,4963.6,1,1
31,blue-collar,married,basic.9y,no,yes,no,telephone,jun,wed,838,2,0,nonexistent,1.4,94.465,-41.8,4.959,5228.1,0,1
31,technician,married,basic.9y,no,no,yes,cellular,jul,thu,1319,5,0,nonexistent,1.4,93.918,-42.7,4.958,5228.1,0,1
41,admin.,married,university.degree,no,no,no,telephone,nov,tue,234,2,1,success,-3.4,92.649,-30.1,0.715,5017.5,1,1
43,blue-collar,single,basic.4y,no,yes,no,cellular,nov,mon,42,2,1,failure,-0.1,93.2,-42.0,4.191,5195.8,0,0
83,housemaid,divorced,basic.4y,no,yes,no,cellular,jul,tue,667,2,1,success,-1.7,94.215,-40.3,0.797,4991.6,1,1
31,entrepreneur,single,university.degree,no,yes,no,cellular,aug,fri,211,3,0,nonexistent,-2.9,92.201,-31.4,0.869,5076.2,0,1
33,technician,divorced,professional.course,no,yes,no,cellular,nov,thu,104,3,1,failure,-0.1,93.2,-42.0,4.076,5195.8,0,0
59,retired,married,basic.9y,unknown,no,no,cellular,jul,fri,1330,3,0,nonexistent,1.4,93.918,-42.7,4.962,5228.1,0,1
31,technician,married,university.degree,no,yes,no,cellular,aug,thu,515,1,0,nonexistent,1.4,93.444,-36.1,4.964,5228.1,0,0
23,blue-collar,single,basic.9y,no,yes,no,cellular,may,tue,119,1,1,failure,-1.8,92.893,-46.2,1.291,5099.1,0,0
50,technician,married,university.degree,no,yes,no,cellular,nov,fri,100,2,0,nonexistent,-0.1,93.2,-42.0,4.021,5195.8,0,0
44,blue-collar,single,unknown,no,yes,no,telephone,jul,wed,576,1,0,nonexistent,-2.9,92.469,-33.6,1.029,5076.2,0,1
37,self-employed,married,basic.9y,unknown,no,no,telephone,may,mon,166,2,0,nonexistent,1.1,93.994,-36.4,4.857,5191.0,0,0
30,blue-collar,married,basic.9y,no,no,no,cellular,jul,wed,988,1,0,nonexistent,1.4,93.918,-42.7,4.963,5228.1,0,1
55,management,married,university.degree,no,yes,no,cellular,apr,fri,949,2,0,nonexistent,-1.8,93.075,-47.1,1.405,5099.1,0,1
28,technician,single,basic.9y,no,yes,no,cellular,may,tue,409,1,0,nonexistent,-1.8,92.893,-46.2,1.291,5099.1,0,1
31,services,married,high.school,unknown,no,no,cellular,jul,mon,160,3,0,nonexistent,1.4,93.918,-42.7,4.96,5228.1,0,0
43,blue-collar,married,basic.9y,no,no,yes,cellular,may,mon,487,1,1,success,-1.8,92.893,-46.2,1.264,5099.1,1,1
42,technician,married,professional.course,no,no,no,cellular,aug,thu,295,1,2,success,-1.7,94.027,-38.3,0.899,4991.6,1,1
53,entrepreneur,married,university.degree,unknown,no,yes,telephone,may,fri,199,2,0,nonexistent,1.1,93.994,-36.4,4.857,5191.0,0,0
55,retired,married,basic.4y,no,yes,no,cellular,oct,thu,139,1,0,nonexistent,-3.4,92.431,-26.9,0.722,5017.5,0,1
47,housemaid,single,professional.course,no,yes,no,cellular,apr,tue,242,2,0,nonexistent,-1.8,93.075,-47.1,1.405,5099.1,0,1
38,admin.,married,university.degree,no,no,no,cellular,aug,fri,14,9,0,nonexistent,1.4,93.444,-36.1,4.963,5228.1,0,0
30,admin.,married,university.degree,no,yes,yes,cellular,apr,thu,739,2,0,nonexistent,-1.8,93.075,-47.1,1.483,5099.1,0,1
40,management,married,university.degree,no,no,no,cellular,jul,mon,77,2,0,nonexistent,1.4,93.918,-42.7,4.96,5228.1,0,0
24,technician,single,professional.course,no,yes,no,cellular,sep,fri,1042,5,3,failure,-1.1,94.199,-37.5,0.878,4963.6,0,1
54,blue-collar,married,basic.9y,no,no,no,cellular,may,thu,532,2,2,success,-1.8,92.893,-46.2,1.266,5099.1,1,1
60,retired,married,professional.course,no,yes,yes,cellular,jul,thu,95,4,2,success,-1.7,94.215,-40.3,0.899,4991.6,1,0
32,entrepreneur,married,university.degree,no,yes,no,cellular,aug,fri,19,9,0,nonexistent,1.4,93.444,-36.1,4.963,5228.1,0,0
33,blue-collar,single,basic.9y,unknown,no,no,cellular,may,thu,1075,1,1,failure,-1.8,92.893,-46.2,1.266,5099.1,0,1
37,services,single,high.school,no,yes,no,cellular,may,wed,445,1,1,failure,-1.8,92.893,-46.2,1.334,5099.1,0,1
30,admin.,married,university.degree,no,yes,no,cellular,apr,tue,496,1,0,nonexistent,-1.8,93.075,-47.1,1.423,5099.1,0,1
38,entrepreneur,married,basic.6y,no,no,no,telephone,may,thu,229,1,0,nonexistent,1.1,93.994,-36.4,4.855,5191.0,0,0
36,blue-collar,married,basic.6y,no,no,no,cellular,nov,tue,246,1,1,failure,-0.1,93.2,-42.0,4.153,5195.8,0,0
34,blue-collar,single,high.school,no,yes,no,cellular,nov,tue,257,1,0,nonexistent,-0.1,93.2,-42.0,4.153,5195.8,0,0
31,technician,divorced,professional.course,no,yes,no,cellular,aug,fri,173,1,0,nonexistent,1.4,93.444,-36.1,4.964,5228.1,0,0
64,admin.,married,high.school,no,no,no,cellular,jul,thu,368,1,0,nonexistent,-1.7,94.215,-40.3,0.884,4991.6,0,1
49,housemaid,married,basic.4y,unknown,yes,no,cellular,aug,wed,501,1,0,nonexistent,1.4,93.444,-36.1,4.967,5228.1,0,1
28,technician,divorced,professional.course,unknown,yes,no,telephone,may,thu,174,1,0,nonexistent,1.1,93.994,-36.4,4.86,5191.0,0,0
43,admin.,married,university.degree,no,yes,no,cellular,aug,wed,281,4,0,nonexistent,1.4,93.444,-36.1,4.964,5228.1,0,0
40,admin.,married,university.degree,no,no,no,cellular,may,mon,365,4,0,nonexistent,-1.8,92.893,-46.2,1.354,5099.1,0,1
29,admin.,single,high.school,no,no,no,cellular,jul,fri,567,1,0,nonexistent,1.4,93.918,-42.7,4.957,5228.1,0,1
32,admin.,single,professional.course,no,yes,yes,cellular,may,thu,1046,1,0,nonexistent,-1.8,92.893,-46.2,1.327,5099.1,0,1
29,services,single,high.school,no,yes,no,telephone,jun,thu,1018,3,0,nonexistent,1.4,94.465,-41.8,4.866,5228.1,0,1
65,retired,married,university.degree,no,no,no,cellular,nov,fri,226,1,3,success,-3.4,92.649,-30.1,0.714,5017.5,1,1
48,management,married,basic.9y,no,yes,no,cellular,may,tue,725,1,0,nonexistent,-1.8,92.893,-46.2,1.291,5099.1,0,1
87,retired,divorced,basic.4y,no,no,no,cellular,aug,fri,273,1,0,nonexistent,-2.9,92.201,-31.4,0.849,5076.2,0,1
40,blue-collar,married,basic.6y,unknown,yes,no,cellular,may,fri,1080,1,0,nonexistent,-1.8,92.893,-46.2,1.313,5099.1,0,1
44,admin.,married,university.degree,no,yes,no,cellular,sep,thu,331,1,0,nonexistent,-3.4,92.379,-29.8,0.809,5017.5,0,1
32,technician,single,professional.course,no,no,no,cellular,may,thu,1060,2,0,nonexistent,-1.8,92.893,-46.2,1.266,5099.1,0,1
43,entrepreneur,married,professional.course,no,yes,no,cellular,may,fri,311,1,1,failure,-1.8,92.893,-46.2,1.25,5099.1,0,1
51,admin.,married,university.degree,no,yes,no,cellular,aug,wed,519,9,0,nonexistent,1.4,93.444,-36.1,4.964,5228.1,0,1
26,student,single,university.degree,no,no,yes,cellular,aug,fri,173,1,0,nonexistent,-2.9,92.201,-31.4,0.825,5076.2,0,1
48,admin.,divorced,basic.9y,no,no,no,cellular,jul,tue,1424,4,0,nonexistent,1.4,93.918,-42.7,4.961,5228.1,0,1
58,self-employed,married,professional.course,no,yes,no,telephone,may,wed,84,2,0,nonexistent,1.1,93.994,-36.4,4.856,5191.0,0,0
47,admin.,married,basic.9y,no,yes,yes,telephone,jul,thu,43,4,0,nonexistent,1.4,93.918,-42.7,4.968,5228.1,0,0
52,technician,divorced,university.degree,no,no,yes,cellular,aug,tue,794,1,0,nonexistent,1.4,93.444,-36.1,4.968,5228.1,0,1
29,technician,single,professional.course,no,yes,no,cellular,jul,thu,150,2,0,nonexistent,1.4,93.918,-42.7,4.968,5228.1,0,0
28,admin.,single,university.degree,no,no,no,cellular,aug,fri,262,1,2,success,-2.9,92.201,-31.4,0.881,5076.2,1,1
23,blue-collar,single,basic.4y,unknown,no,yes,cellular,may,thu,208,1,0,nonexistent,-1.8,92.893,-46.2,1.266,5099.1,0,0
40,admin.,married,high.school,no,no,no,cellular,oct,wed,524,3,1,failure,-3.4,92.431,-26.9,0.724,5017.5,0,1
45,technician,divorced,university.degree,no,no,no,cellular,aug,mon,104,2,0,nonexistent,1.4,93.444,-36.1,4.963,5228.1,0,0
35,blue-collar,married,basic.9y,no,yes,no,cellular,jul,mon,275,1,2,success,-1.7,94.215,-40.3,0.889,4991.6,1,1
39,blue-collar,married,basic.9y,no,yes,no,cellular,sep,fri,293,1,1,success,-3.4,92.379,-29.8,0.803,5017.5,1,1
32,technician,married,professional.course,no,yes,yes,cellular,nov,wed,1554,1,0,nonexistent,-0.1,93.2,-42.0,4.12,5195.8,0,1
29,unemployed,married,university.degree,no,yes,no,cellular,may,fri,317,1,0,nonexistent,-1.8,92.893,-46.2,1.25,5099.1,0,1
26,blue-collar,married,basic.9y,no,no,no,cellular,apr,thu,334,2,0,nonexistent,-1.8,93.075,-47.1,1.41,5099.1,0,1
66,retired,married,basic.6y,no,yes,no,cellular,aug,thu,267,1,0,nonexistent,-2.9,92.201,-31.4,0.851,5076.2,0,1
31,management,married,high.school,no,no,no,telephone,may,wed,296,1,0,nonexistent,1.1,93.994,-36.4,4.856,5191.0,0,0
37,admin.,married,high.school,no,no,no,cellular,aug,wed,179,2,1,failure,-2.9,92.201,-31.4,0.884,5076.2,0,1
57,retired,married,basic.4y,no,yes,no,cellular,jul,thu,496,1,0,nonexistent,1.4,93.918,-42.7,4.963,5228.1,0,0
57,admin.,married,university.degree,no,yes,no,cellular,may,fri,554,2,0,nonexistent,-1.8,92.893,-46.2,1.259,5099.1,0,1
37,management,married,university.degree,no,no,no,telephone,jun,tue,490,4,0,nonexistent,1.4,94.465,-41.8,4.961,5228.1,0,1
31,technician,married,university.degree,no,no,no,cellular,sep,thu,244,1,1,success,-1.1,94.199,-37.5,0.878,4963.6,1,1
49,admin.,divorced,high.school,no,no,no,cellular,apr,wed,381,2,0,nonexistent,-1.8,93.749,-34.6,0.642,5008.7,0,0
32,services,single,high.school,no,no,no,cellular,jul,mon,722,3,0,nonexistent,1.4,93.918,-42.7,4.96,5228.1,0,1
30,blue-collar,married,high.school,unknown,yes,no,cellular,jul,mon,1153,3,0,nonexistent,1.4,93.918,-42.7,4.962,5228.1,0,1
50,management,single,university.degree,no,no,no,telephone,may,fri,81,6,0,nonexistent,1.1,93.994,-36.4,4.859,5191.0,0,0
38,blue-collar,single,basic.9y,unknown,yes,no,telephone,may,fri,455,1,0,nonexistent,1.1,93.994,-36.4,4.855,5191.0,0,0
21,student,single,high.school,no,no,no,cellular,oct,tue,701,2,0,nonexistent,-1.1,94.601,-49.5,1.037,4963.6,0,1
37,technician,single,university.degree,no,yes,no,cellular,aug,thu,210,2,0,nonexistent,1.4,93.444,-36.1,4.962,5228.1,0,0
27,admin.,single,university.degree,no,no,no,cellular,jul,wed,919,2,0,nonexistent,1.4,93.918,-42.7,4.962,5228.1,0,1
33,blue-collar,married,basic.9y,no,yes,no,cellular,jul,wed,1019,11,0,nonexistent,1.4,93.918,-42.7,4.957,5228.1,0,1
44,admin.,single,university.degree,no,yes,no,cellular,nov,wed,132,1,0,nonexistent,-0.1,93.2,-42.0,4.12,5195.8,0,0
50,housemaid,married,basic.4y,unknown,unknown,unknown,cellular,jul,fri,356,9,0,nonexistent,1.4,93.918,-42.7,4.962,5228.1,0,0
51,blue-collar,married,basic.4y,no,no,yes,cellular,jun,mon,325,1,1,success,-1.7,94.055,-39.8,0.754,4991.6,1,1
33,blue-collar,married,basic.9y,no,no,no,cellular,aug,fri,79,1,1,failure,-2.9,92.201,-31.4,0.881,5076.2,0,1
30,student,single,unknown,no,no,yes,telephone,mar,tue,255,1,2,success,-1.8,93.369,-34.8,0.637,5008.7,1,1
32,blue-collar,married,high.school,no,yes,no,telephone,nov,mon,943,1,0,nonexistent,-0.1,93.2,-42.0,4.191,5195.8,0,1
27,admin.,single,university.degree,no,yes,no,cellular,mar,tue,359,1,1,failure,-1.8,93.369,-34.8,0.635,5008.7,0,1
40,admin.,married,university.degree,no,yes,no,cellular,jun,tue,192,1,0,nonexistent,-2.9,92.963,-40.8,1.262,5076.2,0,1
74,retired,married,basic.9y,no,yes,no,cellular,oct,thu,134,2,1,success,-3.4,92.431,-26.9,0.74,5017.5,1,1
37,entrepreneur,married,basic.6y,no,yes,no,cellular,jun,mon,377,1,0,nonexistent,-2.9,92.963,-40.8,1.266,5076.2,0,1
45,technician,married,high.school,no,yes,no,telephone,jun,mon,222,3,0,nonexistent,1.4,94.465,-41.8,4.961,5228.1,0,0
33,blue-collar,married,high.school,no,no,no,telephone,may,wed,858,1,0,nonexistent,1.1,93.994,-36.4,4.859,5191.0,0,1
30,services,divorced,basic.9y,no,no,no,telephone,jun,mon,394,1,0,nonexistent,1.4,94.465,-41.8,4.865,5228.1,0,1
59,blue-collar,married,basic.9y,no,no,no,cellular,may,tue,690,1,0,nonexistent,-1.8,92.893,-46.2,1.291,5099.1,0,1
38,blue-collar,divorced,high.school,no,yes,no,cellular,may,tue,334,6,1,failure,-1.8,92.893,-46.2,1.344,5099.1,0,0
62,management,divorced,high.school,no,no,no,cellular,aug,mon,405,1,0,nonexistent,-2.9,92.201,-31.4,0.861,5076.2,0,1
30,admin.,single,university.degree,no,yes,no,cellular,aug,fri,217,4,0,nonexistent,1.4,93.444,-36.1,4.964,5228.1,0,0
38,technician,married,professional.course,unknown,yes,no,telephone,may,tue,153,2,0,nonexistent,1.1,93.994,-36.4,4.857,5191.0,0,0
36,entrepreneur,single,basic.4y,no,no,no,cellular,jun,tue,185,1,0,nonexistent,-2.9,92.963,-40.8,1.099,5076.2,0,1
36,admin.,divorced,high.school,no,yes,no,cellular,nov,wed,862,1,0,nonexistent,-0.1,93.2,-42.0,4.12,5195.8,0,1
34,admin.,divorced,university.degree,no,no,yes,cellular,apr,mon,473,1,1,failure,-1.8,93.075,-47.1,1.405,5099.1,0,0
61,retired,married,high.school,no,yes,no,cellular,apr,tue,930,4,0,nonexistent,-1.8,93.749,-34.6,0.642,5008.7,0,0
35,technician,married,professional.course,no,yes,yes,telephone,aug,thu,34,3,0,nonexistent,1.4,93.444,-36.1,4.964,5228.1,0,0
33,services,married,high.school,no,no,no,cellular,aug,thu,738,1,0,nonexistent,-2.9,92.201,-31.4,0.873,5076.2,0,1
33,admin.,married,university.degree,no,yes,no,cellular,may,mon,86,3,0,nonexistent,-1.8,92.893,-46.2,1.299,5099.1,0,0
46,admin.,single,high.school,no,yes,no,cellular,nov,mon,199,2,2,failure,-1.1,94.767,-50.8,1.048,4963.6,0,0
48,blue-collar,divorced,professional.course,no,no,no,cellular,nov,mon,564,1,0,nonexistent,-0.1,93.2,-42.0,4.191,5195.8,0,1
59,retired,divorced,university.degree,no,yes,yes,cellular,aug,wed,526,1,0,nonexistent,-2.9,92.201,-31.4,0.884,5076.2,0,0
30,admin.,married,university.degree,no,yes,no,telephone,may,fri,238,3,0,nonexistent,1.1,93.994,-36.4,4.864,5191.0,0,0
50,admin.,divorced,basic.9y,no,no,no,telephone,may,fri,145,4,0,nonexistent,1.1,93.994,-36.4,4.857,5191.0,0,0
57,admin.,married,high.school,no,yes,no,cellular,apr,tue,111,1,0,nonexistent,-1.8,93.075,-47.1,1.423,5099.1,0,1
54,services,married,unknown,no,no,no,telephone,may,tue,192,1,0,nonexistent,1.1,93.994,-36.4,4.856,5191.0,0,0
34,technician,single,university.degree,no,yes,yes,cellular,aug,wed,455,3,0,nonexistent,1.4,93.444,-36.1,4.967,5228.1,0,1
34,admin.,divorced,university.degree,no,yes,no,cellular,aug,wed,324,2,0,nonexistent,1.4,93.444,-36.1,4.965,5228.1,0,0
43,admin.,married,unknown,no,no,no,telephone,may,mon,277,1,0,nonexistent,1.1,93.994,-36.4,4.857,5191.0,0,0
33,blue-collar,married,basic.6y,no,yes,no,telephone,may,wed,134,1,0,nonexistent,1.1,93.994,-36.4,4.857,5191.0,0,0
33,self-employed,married,university.degree,no,no,no,telephone,may,tue,367,5,0,nonexistent,1.1,93.994,-36.4,4.857,5191.0,0,0
27,blue-collar,single,university.degree,no,yes,no,cellular,apr,thu,246,2,0,nonexistent,-1.8,93.075,-47.1,1.365,5099.1,0,1
33,technician,married,professional.course,no,no,yes,cellular,may,wed,17,1,0,nonexistent,-1.8,92.893,-46.2,1.334,5099.1,0,0
38,blue-collar,single,high.school,no,no,no,cellular,mar,wed,141,1,1,failure,-1.8,93.369,-34.8,0.655,5008.7,0,1
30,student,single,university.degree,no,yes,no,cellular,may,tue,775,3,0,nonexistent,-1.8,92.893,-46.2,1.291,5099.1,0,1
46,entrepreneur,married,university.degree,no,yes,no,cellular,jul,thu,396,1,0,nonexistent,-2.9,92.469,-33.6,1.072,5076.2,0,1
42,management,married,university.degree,no,no,no,telephone,may,tue,1677,1,0,nonexistent,1.1,93.994,-36.4,4.857,5191.0,0,1
54,retired,divorced,university.degree,no,yes,yes,cellular,may,fri,261,1,0,nonexistent,-1.8,92.893,-46.2,1.25,5099.1,0,0
36,management,single,university.degree,no,no,no,telephone,mar,wed,834,1,0,nonexistent,-1.8,93.369,-34.8,0.655,5008.7,0,1
33,management,married,university.degree,no,yes,no,telephone,may,wed,43,1,0,nonexistent,1.1,93.994,-36.4,4.858,5191.0,0,0
39,admin.,married,university.degree,no,no,no,cellular,nov,tue,251,2,0,nonexistent,-0.1,93.2,-42.0,4.153,5195.8,0,0
42,technician,married,university.degree,no,no,no,telephone,jun,fri,4,20,0,nonexistent,1.4,94.465,-41.8,4.959,5228.1,0,0
42,admin.,married,basic.9y,unknown,no,yes,cellular,jul,tue,336,1,0,nonexistent,1.4,93.918,-42.7,4.961,5228.1,0,0
52,admin.,married,university.degree,no,yes,no,cellular,apr,mon,181,2,1,failure,-1.8,93.075,-47.1,1.405,5099.1,0,0
58,retired,married,high.school,no,yes,no,cellular,nov,mon,49,1,0,nonexistent,-0.1,93.2,-42.0,4.191,5195.8,0,0
34,admin.,single,university.degree,no,no,no,telephone,oct,tue,135,1,0,nonexistent,-0.1,93.798,-40.4,4.86,5195.8,0,1
34,self-employed,married,university.degree,no,yes,no,cellular,nov,mon,196,2,0,nonexistent,-0.1,93.2,-42.0,4.191,5195.8,0,0
38,technician,married,high.school,no,yes,no,cellular,jul,tue,1037,8,0,nonexistent,1.4,93.918,-42.7,4.961,5228.1,0,1
51,technician,married,high.school,no,no,no,cellular,jul,thu,73,4,0,nonexistent,1.4,93.918,-42.7,4.962,5228.1,0,0
37,blue-collar,divorced,basic.9y,no,yes,no,cellular,jul,thu,1150,4,0,nonexistent,1.4,93.918,-42.7,4.968,5228.1,0,1
50,services,divorced,high.school,no,no,yes,cellular,may,wed,178,5,1,failure,-1.8,92.893,-46.2,1.334,5099.1,0,0
82,housemaid,married,basic.4y,no,no,no,telephone,sep,tue,279,3,2,success,-1.1,94.199,-37.5,0.877,4963.6,1,1
28,admin.,single,university.degree,no,no,no,cellular,jul,thu,727,2,0,nonexistent,1.4,93.918,-42.7,4.968,5228.1,0,1
36,technician,married,high.school,no,yes,yes,cellular,may,fri,659,1,0,nonexistent,-1.8,92.893,-46.2,1.25,5099.1,0,1
54,services,married,basic.4y,no,yes,no,cellular,aug,tue,50,4,0,nonexistent,1.4,93.444,-36.1,4.966,5228.1,0,0
55,blue-collar,married,basic.9y,no,no,no,cellular,nov,mon,1077,1,0,nonexistent,-0.1,93.2,-42.0,4.191,5195.8,0,1
50,management,married,university.degree,no,yes,no,cellular,jul,thu,161,2,0,nonexistent,1.4,93.918,-42.7,4.962,5228.1,0,0
56,self-employed,married,basic.9y,no,yes,no,cellular,aug,thu,793,5,0,nonexistent,1.4,93.444,-36.1,4.963,5228.1,0,1
41,unemployed,married,basic.9y,no,no,yes,cellular,apr,mon,322,1,1,success,-1.8,93.075,-47.1,1.466,5099.1,1,0
31,self-employed,married,university.degree,no,yes,no,cellular,aug,fri,73,1,0,nonexistent,1.4,93.444,-36.1,4.963,5228.1,0,0
34,technician,single,university.degree,no,yes,no,cellular,aug,thu,812,1,0,nonexistent,1.4,93.444,-36.1,4.964,5228.1,0,1
30,services,single,high.school,no,no,no,cellular,nov,fri,648,1,0,nonexistent,-0.1,93.2,-42.0,4.021,5195.8,0,1
37,services,single,high.school,no,yes,no,cellular,nov,wed,485,1,0,nonexistent,-0.1,93.2,-42.0,4.12,5195.8,0,1
30,technician,single,professional.course,no,unknown,unknown,telephone,jun,thu,773,4,0,nonexistent,1.4,94.465,-41.8,4.958,5228.1,0,0
34,technician,married,university.degree,no,yes,yes,cellular,jul,fri,483,3,0,nonexistent,1.4,93.918,-42.7,4.962,5228.1,0,0
38,blue-collar,married,basic.6y,unknown,yes,no,cellular,jul,thu,129,1,0,nonexistent,1.4,93.918,-42.7,4.963,5228.1,0,0
49,management,married,university.degree,no,no,no,cellular,apr,wed,1214,1,0,nonexistent,-1.8,93.075,-47.1,1.415,5099.1,0,1
28,technician,single,professional.course,no,yes,no,cellular,aug,thu,63,2,1,success,-2.9,92.201,-31.4,0.851,5076.2,1,1
45,self-employed,married,basic.6y,unknown,yes,no,cellular,nov,wed,101,1,0,nonexistent,-0.1,93.2,-42.0,4.12,5195.8,0,0
35,blue-collar,married,unknown,no,yes,no,cellular,may,thu,1262,3,0,nonexistent,-1.8,92.893,-46.2,1.327,5099.1,0,1
51,technician,married,high.school,no,no,no,cellular,nov,mon,198,2,0,nonexistent,-0.1,93.2,-42.0,4.191,5195.8,0,0
38,blue-collar,single,basic.9y,no,no,no,cellular,may,wed,654,2,1,failure,-1.8,92.893,-46.2,1.281,5099.1,0,1
80,retired,married,basic.4y,no,yes,no,cellular,aug,wed,323,1,0,nonexistent,-2.9,92.201,-31.4,0.834,5076.2,0,1
43,blue-collar,married,basic.4y,unknown,no,no,telephone,jun,thu,349,1,0,nonexistent,1.4,94.465,-41.8,4.958,5228.1,0,0
37,technician,single,university.degree,no,yes,no,cellular,aug,tue,481,2,4,failure,-1.7,94.027,-38.3,0.899,4991.6,0,1
46,admin.,married,high.school,no,no,no,cellular,nov,mon,504,1,1,failure,-0.1,93.2,-42.0,4.191,5195.8,0,0
43,admin.,married,high.school,no,no,no,cellular,jul,tue,327,5,0,nonexistent,1.4,93.918,-42.7,4.961,5228.1,0,0
58,blue-collar,married,basic.9y,no,yes,no,cellular,aug,mon,846,1,0,nonexistent,1.4,93.444,-36.1,4.97,5228.1,0,1
43,services,married,high.school,no,yes,yes,cellular,jul,mon,1212,1,0,nonexistent,1.4,93.918,-42.7,4.96,5228.1,0,1
31,blue-collar,married,basic.6y,unknown,unknown,unknown,telephone,may,fri,676,1,0,nonexistent,1.1,93.994,-36.4,4.859,5191.0,0,1
55,retired,married,basic.4y,no,yes,no,cellular,jul,wed,498,1,0,nonexistent,1.4,93.918,-42.7,4.963,5228.1,0,0
55,services,divorced,high.school,no,no,yes,telephone,may,mon,207,3,0,nonexistent,1.1,93.994,-36.4,4.858,5191.0,0,0
25,admin.,married,high.school,no,no,no,cellular,jul,thu,298,1,0,nonexistent,1.4,93.918,-42.7,4.958,5228.1,0,0
40,technician,single,university.degree,no,no,no,cellular,nov,mon,130,1,2,failure,-3.4,92.649,-30.1,0.714,5017.5,1,1
36,technician,single,professional.course,no,no,no,cellular,jun,fri,146,2,0,nonexistent,-2.9,92.963,-40.8,1.268,5076.2,0,1
31,entrepreneur,single,university.degree,no,yes,yes,cellular,aug,wed,90,3,0,nonexistent,1.4,93.444,-36.1,4.964,5228.1,0,0
30,services,married,university.degree,no,yes,no,cellular,may,mon,109,2,0,nonexistent,-1.8,92.893,-46.2,1.244,5099.1,0,0
51,housemaid,married,basic.4y,no,yes,yes,cellular,jul,thu,97,1,1,failure,-2.9,92.469,-33.6,1.072,5076.2,0,0
29,technician,single,professional.course,no,yes,yes,telephone,nov,wed,161,1,0,nonexistent,-0.1,93.2,-42.0,4.12,5195.8,0,0
41,services,married,basic.9y,no,no,no,telephone,may,tue,157,2,0,nonexistent,1.1,93.994,-36.4,4.857,5191.0,0,0
48,admin.,married,high.school,no,no,no,telephone,oct,mon,312,1,0,nonexistent,-0.1,93.798,-40.4,5.0,5195.8,0,1
41,admin.,married,university.degree,no,no,no,cellular,apr,tue,463,1,0,nonexistent,-1.8,93.075,-47.1,1.453,5099.1,0,1
55,services,divorced,high.school,no,no,no,cellular,jul,thu,539,1,0,nonexistent,1.4,93.918,-42.7,4.962,5228.1,0,0
30,blue-collar,married,high.school,no,yes,no,telephone,mar,tue,904,1,0,nonexistent,-1.8,93.369,-34.8,0.655,5008.7,0,1
23,blue-collar,single,professional.course,no,yes,yes,cellular,may,fri,134,5,0,nonexistent,-1.8,92.893,-46.2,1.25,5099.1,0,0
53,management,divorced,university.degree,no,no,no,telephone,jun,mon,306,4,0,nonexistent,1.4,94.465,-41.8,4.865,5228.1,0,0
41,blue-collar,single,basic.4y,no,unknown,unknown,cellular,jul,mon,107,3,0,nonexistent,1.4,93.918,-42.7,4.96,5228.1,0,0
32,technician,single,university.degree,no,yes,yes,cellular,may,fri,693,5,1,failure,-1.8,92.893,-46.2,1.25,5099.1,0,1
35,blue-collar,divorced,basic.9y,no,no,yes,cellular,jul,tue,1083,2,0,nonexistent,1.4,93.918,-42.7,4.961,5228.1,0,0
52,blue-collar,married,basic.9y,no,yes,no,telephone,may,tue,319,1,0,nonexistent,1.1,93.994,-36.4,4.857,5191.0,0,0
35,admin.,single,university.degree,no,yes,no,cellular,may,mon,8,5,0,nonexistent,-1.8,92.893,-46.2,1.299,5099.1,0,0
27,services,single,high.school,no,no,no,cellular,jul,fri,700,5,2,success,-1.7,94.215,-40.3,0.896,4991.6,1,1
50,admin.,married,university.degree,no,yes,no,cellular,aug,wed,1149,5,0,nonexistent,1.4,93.444,-36.1,4.965,5228.1,0,1
65,admin.,married,university.degree,no,yes,no,cellular,may,fri,407,3,1,failure,-1.8,93.876,-40.0,0.684,5008.7,0,1
26,student,single,professional.course,no,no,yes,cellular,may,fri,182,2,0,nonexistent,-1.8,92.893,-46.2,1.259,5099.1,0,1
46,retired,married,basic.4y,no,no,no,telephone,may,wed,94,1,0,nonexistent,1.1,93.994,-36.4,4.857,5191.0,0,0
52,technician,married,university.degree,no,no,no,cellular,may,thu,211,1,4,success,-1.8,93.876,-40.0,0.677,5008.7,1,1
30,admin.,married,university.degree,no,no,no,telephone,oct,wed,313,1,0,nonexistent,-0.1,93.798,-40.4,4.827,5195.8,0,1
28,blue-collar,single,high.school,no,yes,no,cellular,may,wed,516,1,0,nonexistent,-1.8,92.893,-46.2,1.281,5099.1,0,1
36,management,married,university.degree,no,no,no,telephone,may,wed,90,1,0,nonexistent,1.1,93.994,-36.4,4.859,5191.0,0,0
31,technician,single,basic.9y,no,yes,no,cellular,may,thu,479,1,1,success,-1.8,92.893,-46.2,1.266,5099.1,1,1
59,unemployed,married,basic.4y,no,yes,no,cellular,jun,mon,614,1,2,success,-1.7,94.055,-39.8,0.72,4991.6,1,1
28,admin.,single,high.school,no,no,no,cellular,apr,thu,571,1,0,nonexistent,-1.8,93.075,-47.1,1.365,5099.1,0,1
36,admin.,married,high.school,no,no,no,cellular,mar,tue,168,1,0,nonexistent,-1.8,92.843,-50.0,1.799,5099.1,0,1
32,services,single,high.school,no,no,no,telephone,may,wed,380,4,0,nonexistent,1.1,93.994,-36.4,4.859,5191.0,0,0
50,management,married,university.degree,no,no,no,telephone,jun,mon,278,5,1,success,-1.7,94.055,-39.8,0.72,4991.6,1,1
52,management,married,high.school,no,no,no,cellular,aug,tue,408,1,0,nonexistent,-2.9,92.201,-31.4,0.883,5076.2,0,1
35,technician,single,university.degree,no,no,no,cellular,aug,thu,26,17,0,nonexistent,1.4,93.444,-36.1,4.962,5228.1,0,0
25,admin.,single,professional.course,no,yes,no,cellular,apr,wed,114,1,0,nonexistent,-1.8,93.075,-47.1,1.445,5099.1,0,1
36,admin.,single,basic.9y,no,yes,no,cellular,may,tue,458,1,0,nonexistent,-1.8,92.893,-46.2,1.291,5099.1,0,1
43,management,married,university.degree,no,no,yes,cellular,nov,wed,73,2,1,failure,-0.1,93.2,-42.0,4.12,5195.8,0,0
54,blue-collar,unknown,basic.6y,unknown,no,no,telephone,jun,mon,832,18,0,nonexistent,1.4,94.465,-41.8,4.961,5228.1,0,0
55,unemployed,divorced,university.degree,no,no,no,cellular,mar,tue,212,3,3,success,-1.8,93.369,-34.8,0.652,5008.7,1,1
44,admin.,married,unknown,no,no,no,cellular,jul,fri,735,1,0,nonexistent,1.4,93.918,-42.7,4.962,5228.1,0,1
67,housemaid,divorced,professional.course,no,no,no,cellular,aug,thu,350,1,2,success,-1.7,94.027,-38.3,0.899,4991.6,1,1
27,services,married,high.school,no,no,no,cellular,jul,thu,184,3,0,nonexistent,1.4,93.918,-42.7,4.963,5228.1,0,0
34,blue-collar,married,basic.6y,no,no,no,telephone,may,mon,158,4,0,nonexistent,1.1,93.994,-36.4,4.857,5191.0,0,0
44,unemployed,married,high.school,no,yes,no,cellular,jul,mon,512,3,0,nonexistent,1.4,93.918,-42.7,4.962,5228.1,0,0
34,unemployed,married,university.degree,unknown,yes,no,cellular,aug,mon,452,2,0,nonexistent,1.4,93.444,-36.1,4.963,5228.1,0,0
53,services,married,high.school,unknown,yes,no,telephone,may,mon,107,1,0,nonexistent,1.1,93.994,-36.4,4.857,5191.0,0,0
36,admin.,single,university.degree,no,yes,no,telephone,nov,wed,72,1,0,nonexistent,-0.1,93.2,-42.0,4.12,5195.8,0,0
34,self-employed,single,university.degree,no,no,no,cellular,jul,wed,1211,1,0,nonexistent,1.4,93.918,-42.7,4.963,5228.1,0,1
29,admin.,single,high.school,no,unknown,unknown,telephone,jun,mon,444,3,0,nonexistent,1.4,94.465,-41.8,4.947,5228.1,0,0
30,technician,single,university.degree,no,unknown,unknown,cellular,mar,tue,272,3,0,nonexistent,-1.8,93.369,-34.8,0.646,5008.7,0,0
52,blue-collar,married,high.school,unknown,no,no,telephone,jun,mon,777,4,0,nonexistent,1.4,94.465,-41.8,4.865,5228.1,0,1
43,admin.,married,university.degree,no,yes,no,cellular,aug,wed,115,3,0,nonexistent,1.4,93.444,-36.1,4.964,5228.1,0,0
36,technician,married,high.school,no,yes,no,telephone,may,mon,162,1,0,nonexistent,1.1,93.994,-36.4,4.857,5191.0,0,0
30,entrepreneur,married,high.school,no,unknown,unknown,telephone,jun,wed,120,8,0,nonexistent,1.4,94.465,-41.8,4.962,5228.1,0,0
31,admin.,single,university.degree,no,yes,no,cellular,nov,thu,260,1,0,nonexistent,-1.1,94.767,-50.8,1.041,4963.6,0,1
60,blue-collar,married,basic.4y,unknown,yes,no,cellular,apr,mon,18,4,0,nonexistent,-1.8,93.075,-47.1,1.405,5099.1,0,0
45,services,divorced,basic.4y,no,no,yes,cellular,apr,thu,1579,1,1,failure,-1.8,93.075,-47.1,1.41,5099.1,0,1
25,blue-collar,single,basic.9y,no,no,no,cellular,may,fri,170,2,0,nonexistent,-1.8,92.893,-46.2,1.25,5099.1,0,0
56,technician,divorced,professional.course,no,no,no,cellular,oct,mon,464,1,2,success,-1.1,94.601,-49.5,1.0,4963.6,1,1
74,retired,married,basic.9y,no,yes,no,cellular,aug,mon,156,1,1,failure,-2.9,92.201,-31.4,0.861,5076.2,0,1
53,technician,married,professional.course,unknown,no,no,telephone,jul,wed,191,3,0,nonexistent,1.4,93.918,-42.7,4.963,5228.1,0,0
29,services,married,high.school,no,yes,no,cellular,aug,wed,90,2,1,success,-2.9,92.201,-31.4,0.879,5076.2,1,0
47,services,divorced,professional.course,no,yes,no,telephone,jul,tue,165,1,0,nonexistent,1.4,93.918,-42.7,4.961,5228.1,0,0
44,blue-collar,married,basic.4y,no,yes,no,telephone,may,thu,40,2,0,nonexistent,1.1,93.994,-36.4,4.86,5191.0,0,0
28,admin.,single,high.school,no,yes,no,cellular,may,thu,203,1,0,nonexistent,-1.8,92.893,-46.2,1.327,5099.1,0,0
43,housemaid,married,basic.4y,unknown,no,no,telephone,may,fri,246,1,0,nonexistent,1.1,93.994,-36.4,4.864,5191.0,0,0
53,self-employed,married,university.degree,no,no,no,telephone,may,fri,404,2,0,nonexistent,1.1,93.994,-36.4,4.855,5191.0,0,0
42,blue-collar,married,basic.4y,no,no,no,cellular,may,tue,360,1,0,nonexistent,-1.8,92.893,-46.2,1.291,5099.1,0,0
35,technician,married,university.degree,no,yes,no,cellular,aug,wed,455,1,0,nonexistent,1.4,93.444,-36.1,4.965,5228.1,0,1
25,technician,divorced,high.school,no,yes,no,cellular,jul,thu,237,2,0,nonexistent,1.4,93.918,-42.7,4.962,5228.1,0,0
56,unemployed,divorced,basic.4y,no,no,no,cellular,mar,wed,577,1,0,nonexistent,-1.8,93.369,-34.8,0.634,5008.7,0,1
31,admin.,married,high.school,no,yes,no,cellular,apr,fri,139,2,0,nonexistent,-1.8,93.075,-47.1,1.405,5099.1,0,0
30,blue-collar,single,basic.9y,no,no,no,cellular,nov,wed,30,1,0,nonexistent,-0.1,93.2,-42.0,4.12,5195.8,0,0
37,blue-collar,divorced,basic.9y,unknown,no,no,telephone,may,wed,454,1,0,nonexistent,1.1,93.994,-36.4,4.857,5191.0,0,0
32,self-employed,single,professional.course,unknown,no,no,cellular,may,thu,561,3,0,nonexistent,-1.8,92.893,-46.2,1.266,5099.1,0,1
35,admin.,married,high.school,no,yes,no,cellular,may,tue,12,6,1,failure,-1.8,92.893,-46.2,1.291,5099.1,0,0
40,blue-collar,married,basic.4y,no,no,no,cellular,nov,mon,1121,2,0,nonexistent,-0.1,93.2,-42.0,4.191,5195.8,0,0
